,0,1,2,3,4,5,6,7,8,9,10,11,12,13
0,21480.6171875,21492.724609375,21497.447265625,21486.654296875,21494.896484375,21485.44140625,21506.666015625,21489.072265625,21497.203125,21471.5546875,21478.8515625,21485.427734375,21491.20703125,21499.439453125
1,21478.708984375,21494.197265625,21493.6796875,21484.8671875,21493.53515625,21481.845703125,21502.361328125,21486.548828125,21495.755859375,21472.3515625,21479.74609375,21489.181640625,21490.126953125,21495.39453125
2,21477.171875,21494.44921875,21489.9296875,21483.451171875,21490.833984375,21479.87109375,21498.6015625,21485.080078125,21494.08203125,21472.953125,21481.08203125,21489.8671875,21488.8046875,21491.064453125
3,21489.03515625,21503.720703125,21502.125,21492.9921875,21498.705078125,21493.515625,21509.216796875,21494.6328125,21504.837890625,21482.85546875,21492.14453125,21498.013671875,21496.103515625,21499.88671875
4,21498.50390625,21514.2109375,21511.333984375,21502.142578125,21507.01953125,21502.361328125,21516.7578125,21503.2265625,21514.1640625,21492.6640625,21501.298828125,21508.62890625,21504.712890625,21507.564453125
5,21474.685546875,21497.716796875,21484.666015625,21481.25390625,21490.15234375,21478.34765625,21490.234375,21481.998046875,21495.052734375,21473.1171875,21483.724609375,21494.830078125,21490.75,21488.6875
6,21438.08203125,21463.462890625,21443.6796875,21447.205078125,21457.8203125,21440.9140625,21449.95703125,21445.5390625,21460.74609375,21438.220703125,21451.18359375,21461.529296875,21459.814453125,21454.505859375
7,21376.5390625,21402.404296875,21377.365234375,21387.642578125,21403.3359375,21379.84765625,21383.6875,21382.189453125,21402.58984375,21376.41015625,21393.794921875,21403.41015625,21403.390625,21397.41015625
8,21331.87109375,21349.376953125,21328.384765625,21342.099609375,21355.783203125,21332.94140625,21333.81640625,21331.748046875,21353.92578125,21327.6796875,21345.041015625,21350.361328125,21350.03515625,21347.40234375
9,21311.814453125,21319.52734375,21306.125,21319.576171875,21326.720703125,21309.412109375,21309.193359375,21305.40625,21327.515625,21304.771484375,21317.48828125,21319.005859375,21315.138671875,21317.017578125
10,21293.525390625,21297.296875,21286.9296875,21298.58984375,21303.0078125,21290.54296875,21288.2109375,21284.9609375,21306.25,21287.44921875,21296.720703125,21296.91796875,21289.15625,21292.279296875
11,21271.677734375,21274.37890625,21265.900390625,21274.47265625,21280.091796875,21271.36328125,21265.826171875,21262.86328125,21283.87890625,21266.96875,21275.541015625,21275.119140625,21265.62890625,21269.19140625
12,21269.21875,21268.080078125,21265.501953125,21270.017578125,21272.57421875,21269.833984375,21263.337890625,21258.384765625,21278.359375,21263.841796875,21269.447265625,21267.328125,21257.12109375,21263.177734375
13,21272.576171875,21270.166015625,21270.013671875,21271.267578125,21271.798828125,21273.2890625,21266.67578125,21261.81640625,21279.41796875,21268.294921875,21270.90625,21268.529296875,21257.451171875,21263.693359375
14,21277.25,21275.314453125,21275.232421875,21274.263671875,21273.7109375,21278.23046875,21271.736328125,21268.162109375,21282.88671875,21274.83984375,21275.3828125,21272.755859375,21262.279296875,21267.25
15,21288.076171875,21285.900390625,21286.56640625,21283.166015625,21281.19140625,21289.080078125,21283.623046875,21280.66796875,21292.181640625,21286.76953125,21285.390625,21281.42578125,21273.029296875,21277.12109375
16,21306.216796875,21303.6328125,21305.2890625,21299.416015625,21295.564453125,21307.142578125,21303.05078125,21300.369140625,21309.0390625,21305.505859375,21301.767578125,21296.359375,21290.609375,21294.57421875
17,21324.943359375,21323.51171875,21324.36328125,21316.7109375,21312.248046875,21325.94921875,21323.234375,21321.4375,21327.7265625,21325.4765625,21319.57421875,21313.943359375,21310.86328125,21314.052734375
18,21333.265625,21335.40234375,21332.947265625,21324.787109375,21322.72265625,21335.51171875,21333.498046875,21333.2578125,21338.4375,21335.97265625,21329.5703125,21325.24609375,21325.162109375,21326.544921875
19,21337.162109375,21341.470703125,21337.48828125,21328.880859375,21329.541015625,21340.859375,21339.775390625,21339.52734375,21344.498046875,21340.556640625,21334.6015625,21330.861328125,21334.2421875,21335.052734375
20,21341.04296875,21345.802734375,21342.130859375,21333.232421875,21335.546875,21345.201171875,21345.5234375,21344.13671875,21349.552734375,21343.888671875,21337.95703125,21334.7734375,21340.556640625,21342.259765625
21,21352.138671875,21355.79296875,21354.126953125,21344.6875,21346.310546875,21355.65625,21358.009765625,21354.7421875,21360.373046875,21353.666015625,21346.546875,21343.486328125,21350.330078125,21354.025390625
22,21382.7890625,21383.41796875,21386.240234375,21374.46484375,21372.00390625,21384.716796875,21390.361328125,21384.232421875,21388.193359375,21382.306640625,21372.27734375,21367.63671875,21374.521484375,21380.9765625
23,21458.23046875,21451.986328125,21466.17578125,21445.216796875,21434.712890625,21460.19921875,21470.64453125,21458.767578125,21455.939453125,21452.734375,21439.5234375,21427.607421875,21435.345703125,21445.76171875
24,21518.533203125,21519.265625,21532.900390625,21504.482421875,21496.33984375,21525.669921875,21538.087890625,21526.37109375,21518.2109375,21514.8515625,21503.0703125,21492.716796875,21500.083984375,21508.36328125
25,21537.7109375,21554.796875,21558.00390625,21529.517578125,21530.369140625,21553.693359375,21565.578125,21558.45703125,21548.416015625,21540.525390625,21534.865234375,21531.6796875,21541.27734375,21543.3359375
26,21531.078125,21561.107421875,21555.046875,21531.296875,21540.01953125,21554.52734375,21565.736328125,21562.2734375,21552.7265625,21538.25390625,21540.37109375,21542.265625,21556.84765625,21553.599609375
27,21534.421875,21565.4375,21561.810546875,21539.3359375,21550.728515625,21562.27734375,21573.55078125,21567.8671875,21560.03515625,21538.04296875,21546.81640625,21548.37109375,21567.61328125,21564.94140625
28,21539.013671875,21569.34375,21568.55078125,21547.578125,21560.1953125,21566.185546875,21579.943359375,21571.54296875,21566.078125,21538.6796875,21550.962890625,21555.134765625,21574.611328125,21573.384765625
29,21525.708984375,21558.373046875,21554.458984375,21538.2734375,21553.69921875,21549.962890625,21566.607421875,21557.9453125,21555.318359375,21524.623046875,21539.9453125,21548.568359375,21566.791015625,21564.521484375
30,21522.083984375,21551.79296875,21549.40234375,21536.2265625,21549.953125,21542.75390625,21561.771484375,21550.6796875,21550.052734375,21518.1796875,21534.93359375,21543.568359375,21560.205078125,21558.67578125
31,21545.908203125,21567.677734375,21574.400390625,21557.669921875,21566.84765625,21564.02734375,21584.494140625,21567.80859375,21568.921875,21535.7734375,21552.455078125,21559.134765625,21572.046875,21574.8984375
32,21562.5703125,21585.06640625,21591.490234375,21574.748046875,21582.43359375,21576.931640625,21599.580078125,21581.962890625,21584.51953125,21551.89453125,21567.55859375,21578.5625,21585.572265625,21588.12109375
33,21568.689453125,21594.765625,21596.76953125,21582.197265625,21589.912109375,21581.94140625,21604.66015625,21588.7578125,21591.666015625,21559.7265625,21576.72265625,21590.125,21594.0078125,21593.630859375
34,21561.2265625,21591.52734375,21586.53125,21576.92578125,21585.158203125,21573.197265625,21595.166015625,21582.88671875,21585.9375,21554.923828125,21574.11328125,21588.40234375,21591.53515625,21586.890625
35,21576.21875,21602.220703125,21601.169921875,21590.537109375,21595.056640625,21588.4609375,21608.44140625,21594.85546875,21598.666015625,21567.099609375,21587.1484375,21597.392578125,21600.560546875,21597.34375
36,21587.232421875,21614.015625,21611.4296875,21601.990234375,21604.58203125,21597.4296875,21617.234375,21605.126953125,21609.359375,21578.6015625,21597.7109375,21609.13671875,21610.173828125,21605.833984375
37,21578.56640625,21610.01171875,21600.244140625,21595.421875,21598.751953125,21587.453125,21606.044921875,21598.046875,21603.19921875,21572.80859375,21592.8828125,21605.662109375,21606.51953125,21598.787109375
38,21564.783203125,21597.71484375,21582.939453125,21583.115234375,21585.4140625,21572.12890625,21589.1328125,21584.345703125,21590.28515625,21560.578125,21581.388671875,21592.259765625,21594.83203125,21584.6875
39,21593.548828125,21617.09375,21613.11328125,21607.548828125,21603.130859375,21601.259765625,21617.701171875,21608.541015625,21613.904296875,21585.625,21603.169921875,21607.181640625,21610.220703125,21604.568359375
40,21629.33203125,21651.2421875,21652.162109375,21640.673828125,21633.19921875,21636.27734375,21654.25390625,21643.484375,21647.783203125,21621.845703125,21635.107421875,21639.92578125,21639.62109375,21635.126953125
41,21659.5390625,21685.341796875,21686.12890625,21670.041015625,21662.93359375,21669.162109375,21687.34375,21678.001953125,21679.708984375,21654.919921875,21667.509765625,21673.572265625,21672.40234375,21665.5625
42,21670.8203125,21703.546875,21699.341796875,21682.802734375,21678.91015625,21683.1796875,21700.98046875,21695.787109375,21695.119140625,21669.578125,21684.83203125,21692.453125,21693.646484375,21682.23828125
43,21693.283203125,21725.33984375,21725.77734375,21705.3515625,21701.794921875,21709.830078125,21726.330078125,21719.712890625,21719.458984375,21690.072265625,21707.705078125,21713.419921875,21718.421875,21707.96875
44,21703.505859375,21738.03515625,21737.28125,21717.78515625,21716.041015625,21719.06640625,21737.115234375,21731.61328125,21731.564453125,21699.66796875,21718.677734375,21727.552734375,21733.884765625,21722.431640625
45,21688.7890625,21727.748046875,21719.712890625,21706.6875,21707.6953125,21701.47265625,21720.994140625,21719.515625,21719.1640625,21685.337890625,21707.767578125,21718.548828125,21728.220703125,21713.166015625
46,21681.7421875,21718.64453125,21709.79296875,21701.7421875,21699.640625,21691.287109375,21712.240234375,21711.419921875,21710.763671875,21676.884765625,21699.935546875,21707.357421875,21721.02734375,21704.826171875
47,21698.662109375,21727.6171875,21728.359375,21716.6953125,21710.47265625,21707.6796875,21729.1875,21722.748046875,21725.53515625,21689.798828125,21710.31640625,21714.6015625,21728.03515625,21717.8984375
48,21699.333984375,21728.42578125,21727.859375,21717.490234375,21712.220703125,21703.73046875,21727.44140625,21720.392578125,21725.904296875,21689.490234375,21708.205078125,21717.298828125,21726.71484375,21718.48828125
49,21696.60546875,21726.142578125,21722.08203125,21715.46484375,21708.638671875,21697.427734375,21722.541015625,21717.07421875,21721.46484375,21687.41015625,21705.14453125,21714.837890625,21722.818359375,21713.189453125
50,21701.103515625,21729.490234375,21724.203125,21719.82421875,21709.013671875,21699.6171875,21725.248046875,21721.51953125,21723.771484375,21693.095703125,21709.2265625,21716.384765625,21723.931640625,21712.916015625
51,21716.46484375,21741.625,21740.8671875,21733.00390625,21719.888671875,21716.3671875,21740.740234375,21735.072265625,21738.88671875,21708.1484375,21722.318359375,21727.46484375,21733.619140625,21725.982421875
52,21711.576171875,21739.322265625,21734.359375,21728.392578125,21717.564453125,21709.6171875,21733.28125,21729.572265625,21735.40625,21703.638671875,21717.806640625,21726.7890625,21730.578125,21723.474609375
53,21669.048828125,21702.814453125,21684.59375,21689.06640625,21682.15625,21663.75390625,21684.939453125,21688.291015625,21694.990234375,21661.349609375,21680.18359375,21691.3359375,21696.947265625,21685.76953125
54,21630.9375,21662.26953125,21639.212890625,21652.34765625,21641.990234375,21623.39453125,21641.1953125,21648.166015625,21655.232421875,21621.212890625,21641.6015625,21647.296875,21657.0,21644.8359375
55,21636.861328125,21655.986328125,21645.33984375,21652.84765625,21635.68359375,21631.080078125,21646.982421875,21647.830078125,21656.908203125,21623.966796875,21638.34375,21636.896484375,21645.5859375,21641.57421875
56,21691.974609375,21702.673828125,21705.947265625,21703.44140625,21675.419921875,21683.93359375,21703.24609375,21696.818359375,21705.974609375,21681.095703125,21681.08203125,21680.26953125,21679.951171875,21682.28515625
57,21686.12109375,21710.921875,21698.66796875,21697.587890625,21677.283203125,21676.828125,21695.919921875,21699.0546875,21705.12890625,21684.634765625,21685.18359375,21692.658203125,21687.443359375,21680.841796875
58,21663.853515625,21695.89453125,21674.0546875,21676.677734375,21659.55078125,21657.15234375,21672.55859375,21682.76953125,21686.78125,21666.38671875,21672.078125,21675.80859375,21677.650390625,21663.64453125
59,21658.99609375,21689.416015625,21669.216796875,21671.171875,21651.451171875,21654.224609375,21667.701171875,21679.244140625,21682.65625,21662.234375,21668.0859375,21664.677734375,21673.82421875,21657.65625
60,21652.4375,21683.103515625,21663.916015625,21663.861328125,21644.265625,21649.1796875,21661.392578125,21673.69140625,21678.892578125,21656.541015625,21661.611328125,21655.466796875,21669.10546875,21652.28125
61,21644.57421875,21676.1640625,21657.423828125,21655.486328125,21636.62109375,21642.197265625,21654.001953125,21666.578125,21673.646484375,21649.603515625,21653.42578125,21645.826171875,21663.306640625,21645.65234375
62,21626.19140625,21660.046875,21639.521484375,21637.12890625,21620.875,21624.130859375,21635.302734375,21648.525390625,21658.677734375,21631.978515625,21635.771484375,21628.009765625,21649.087890625,21630.236328125
63,21652.62109375,21679.083984375,21672.4453125,21660.28125,21639.658203125,21653.65234375,21666.517578125,21670.466796875,21683.609375,21656.99609375,21654.814453125,21642.96484375,21664.40625,21652.388671875
64,21676.23046875,21704.365234375,21701.896484375,21681.935546875,21663.90625,21678.291015625,21694.14453125,21693.744140625,21708.896484375,21682.876953125,21676.84375,21669.421875,21686.724609375,21676.982421875
65,21675.65234375,21710.732421875,21704.123046875,21682.267578125,21670.828125,21679.0078125,21696.232421875,21696.337890625,21712.38671875,21684.978515625,21680.8984375,21678.259765625,21695.2421875,21683.45703125
66,21666.712890625,21705.185546875,21695.890625,21675.390625,21667.423828125,21670.576171875,21688.52734375,21688.77734375,21705.53515625,21676.23828125,21675.306640625,21673.572265625,21693.357421875,21679.8125
67,21677.486328125,21711.330078125,21710.53515625,21685.9921875,21677.560546875,21684.55859375,21702.57421875,21696.01171875,21716.189453125,21683.216796875,21682.990234375,21679.896484375,21700.20703125,21692.802734375
68,21671.86328125,21707.080078125,21704.91796875,21682.1640625,21677.07421875,21676.78515625,21696.58203125,21688.6328125,21711.0390625,21675.97265625,21676.869140625,21679.275390625,21696.794921875,21690.79296875
69,21661.1484375,21697.076171875,21691.876953125,21674.07421875,21669.10546875,21663.462890625,21684.294921875,21676.927734375,21699.169921875,21664.158203125,21666.591796875,21670.828125,21687.37890625,21680.595703125
70,21648.61328125,21684.216796875,21676.00390625,21663.166015625,21656.88671875,21648.5078125,21669.67578125,21664.048828125,21684.892578125,21651.16796875,21655.12890625,21658.458984375,21674.75390625,21666.19921875
71,21632.83984375,21666.373046875,21658.521484375,21647.576171875,21641.595703125,21633.33203125,21652.423828125,21645.767578125,21669.095703125,21633.123046875,21639.2421875,21641.65234375,21657.154296875,21651.166015625
72,21618.880859375,21649.736328125,21642.099609375,21633.666015625,21626.9375,21618.1015625,21636.173828125,21628.451171875,21653.130859375,21617.08203125,21623.138671875,21626.171875,21639.111328125,21635.158203125
73,21605.70703125,21635.111328125,21625.314453125,21620.67578125,21611.8671875,21602.59375,21619.681640625,21613.33984375,21637.400390625,21603.560546875,21608.6796875,21611.990234375,21622.123046875,21617.845703125
74,21582.826171875,21613.125,21598.380859375,21598.4453125,21588.94921875,21578.48828125,21592.884765625,21589.8515625,21614.201171875,21581.595703125,21587.09375,21590.453125,21598.935546875,21593.00390625
75,21512.046875,21548.203125,21521.109375,21529.87890625,21528.3984375,21510.716796875,21516.68359375,21520.693359375,21549.14453125,21510.759765625,21524.123046875,21529.30078125,21538.8046875,21529.783203125
76,21455.896484375,21485.466796875,21459.314453125,21473.576171875,21471.08203125,21456.8125,21455.521484375,21459.685546875,21490.990234375,21449.306640625,21465.1640625,21466.39453125,21476.51171875,21471.390625
77,21414.41015625,21436.140625,21412.955078125,21429.763671875,21424.41796875,21415.025390625,21409.0859375,21413.22265625,21444.748046875,21404.89453125,21418.626953125,21417.9375,21423.873046875,21422.126953125
78,21372.4375,21390.02734375,21367.474609375,21384.861328125,21379.84765625,21374.69921875,21363.49609375,21369.16015625,21399.8671875,21363.02734375,21375.640625,21374.39453125,21375.486328125,21374.908203125
79,21327.642578125,21342.619140625,21321.59765625,21337.359375,21335.791015625,21334.4140625,21317.3984375,21323.28515625,21353.80859375,21318.779296875,21332.037109375,21330.642578125,21328.310546875,21329.1875
80,21299.580078125,21309.34765625,21294.43359375,21306.421875,21305.318359375,21309.380859375,21289.541015625,21293.16796875,21321.798828125,21290.37890625,21302.123046875,21299.4453125,21294.49609375,21298.1796875
81,21291.455078125,21296.333984375,21287.845703125,21295.974609375,21291.7578125,21301.087890625,21281.361328125,21282.939453125,21308.42578125,21283.26171875,21290.326171875,21287.12109375,21279.158203125,21284.79296875
82,21301.349609375,21302.79296875,21299.685546875,21303.001953125,21294.5390625,21309.919921875,21292.10546875,21292.220703125,21313.46484375,21295.517578125,21296.927734375,21292.66796875,21282.791015625,21289.205078125
83,21310.64453125,21312.76953125,21309.837890625,21309.54296875,21300.400390625,21318.44921875,21302.376953125,21303.75,21320.4453125,21309.08984375,21307.01171875,21302.865234375,21292.6484375,21296.587890625
84,21310.408203125,21315.857421875,21309.85546875,21308.03125,21301.080078125,21319.142578125,21303.509765625,21307.625,21320.990234375,21313.1328125,21310.544921875,21306.5703125,21298.998046875,21299.134765625
85,21300.9765625,21309.810546875,21300.197265625,21298.9375,21294.69921875,21310.798828125,21295.234375,21302.205078125,21313.623046875,21306.8203125,21304.943359375,21301.05078125,21297.83984375,21294.443359375
86,21286.630859375,21297.501953125,21285.83984375,21286.02734375,21283.640625,21297.42578125,21281.966796875,21290.546875,21301.671875,21294.017578125,21292.705078125,21288.6640625,21290.11328125,21285.005859375
87,21268.279296875,21280.1171875,21267.60546875,21269.4765625,21268.59765625,21279.697265625,21264.62109375,21273.826171875,21285.421875,21276.259765625,21275.361328125,21271.375,21276.380859375,21270.8671875
88,21257.68359375,21267.791015625,21257.958984375,21260.203125,21258.419921875,21268.953125,21255.203125,21262.734375,21275.15234375,21264.646484375,21262.61328125,21257.888671875,21265.142578125,21261.814453125
89,21255.744140625,21263.41796875,21257.12109375,21258.650390625,21255.001953125,21265.83984375,21254.197265625,21259.45703125,21272.271484375,21261.625,21257.166015625,21252.208984375,21259.71484375,21259.248046875
90,21262.48828125,21267.708984375,21264.7890625,21264.546875,21258.927734375,21271.033203125,21261.99609375,21265.05078125,21277.130859375,21267.51171875,21260.376953125,21255.00390625,21261.900390625,21264.0234375
91,21260.51171875,21267.2890625,21263.30859375,21262.837890625,21258.443359375,21268.8359375,21260.69921875,21263.7265625,21276.0078125,21266.8671875,21258.859375,21255.572265625,21261.2265625,21263.5234375
92,21243.376953125,21254.173828125,21246.736328125,21248.275390625,21247.134765625,21252.783203125,21244.099609375,21247.96484375,21262.091796875,21252.111328125,21245.21875,21245.40234375,21250.0703125,21251.021484375
93,21220.857421875,21233.69140625,21224.72265625,21228.529296875,21229.87890625,21231.369140625,21222.28125,21226.28515625,21241.71875,21230.642578125,21225.87109375,21227.556640625,21231.80078125,21231.955078125
94,21199.228515625,21211.818359375,21203.515625,21209.01171875,21211.41015625,21210.099609375,21201.0234375,21204.640625,21220.48046875,21208.912109375,21206.09765625,21207.775390625,21211.197265625,21211.482421875
95,21171.34765625,21183.955078125,21177.09375,21182.54296875,21188.771484375,21184.236328125,21174.21875,21176.73828125,21193.658203125,21180.517578125,21181.263671875,21183.08984375,21185.611328125,21186.42578125
96,21160.150390625,21168.57421875,21167.556640625,21171.923828125,21176.74609375,21171.923828125,21163.099609375,21162.677734375,21179.39453125,21166.5234375,21167.826171875,21168.294921875,21169.318359375,21172.78125
97,21160.61328125,21165.16015625,21168.869140625,21171.947265625,21173.365234375,21169.734375,21162.783203125,21160.552734375,21175.72265625,21165.15234375,21165.24609375,21164.720703125,21163.0859375,21168.333984375
98,21163.642578125,21166.583984375,21171.978515625,21174.25390625,21172.9453125,21170.578125,21165.052734375,21162.71875,21175.671875,21168.134765625,21167.15234375,21166.2421875,21162.220703125,21167.232421875
99,21175.15625,21176.068359375,21183.24609375,21184.130859375,21179.474609375,21180.443359375,21176.4375,21174.076171875,21183.91796875,21179.185546875,21177.11328125,21174.240234375,21169.5859375,21174.53515625
100,21193.154296875,21192.6796875,21200.494140625,21200.255859375,21192.138671875,21196.9609375,21194.072265625,21192.37890625,21199.244140625,21197.029296875,21193.220703125,21188.8125,21184.146484375,21188.9609375
101,21197.21484375,21199.853515625,21203.123046875,21203.62890625,21196.498046875,21201.322265625,21198.091796875,21199.509765625,21204.240234375,21203.82421875,21199.94921875,21196.841796875,21192.318359375,21193.958984375
102,21194.6328125,21200.27734375,21199.896484375,21201.744140625,21196.0703125,21200.337890625,21196.271484375,21199.888671875,21203.876953125,21203.35546875,21200.2265625,21197.77734375,21195.04296875,21194.328125
103,21198.41015625,21203.888671875,21203.56640625,21205.474609375,21199.556640625,21205.083984375,21200.990234375,21204.84765625,21208.203125,21206.80859375,21203.6953125,21200.080078125,21199.650390625,21199.302734375
104,21211.689453125,21215.361328125,21216.96875,21217.890625,21210.265625,21218.107421875,21214.583984375,21217.587890625,21220.68359375,21218.515625,21213.890625,21209.275390625,21210.146484375,21211.986328125
105,21216.908203125,21221.744140625,21221.748046875,21222.48046875,21216.23828125,21223.29296875,21219.94921875,21223.525390625,21226.728515625,21224.23828125,21218.947265625,21215.97265625,21216.736328125,21218.5546875
106,21214.05078125,21220.837890625,21218.306640625,21219.95703125,21215.91015625,21220.630859375,21217.416015625,21221.724609375,21225.37109375,21222.529296875,21217.453125,21216.322265625,21217.142578125,21218.009765625
107,21221.537109375,21226.39453125,21226.595703125,21226.60546875,21222.873046875,21228.62890625,21225.765625,21227.71875,21232.55078125,21227.775390625,21222.71875,21220.521484375,21222.541015625,21226.07421875
108,21273.251953125,21270.173828125,21280.22265625,21276.794921875,21262.677734375,21276.31640625,21275.96875,21272.283203125,21278.376953125,21273.197265625,21261.623046875,21256.767578125,21258.06640625,21269.5546875
109,21319.4921875,21317.1015625,21326.142578125,21319.6796875,21303.390625,21320.35546875,21322.015625,21318.33984375,21322.34375,21319.55078125,21304.494140625,21301.224609375,21299.544921875,21311.470703125
110,21350.525390625,21354.203125,21357.103515625,21349.734375,21336.064453125,21352.869140625,21354.845703125,21353.205078125,21355.685546875,21353.974609375,21339.119140625,21338.40234375,21336.154296875,21344.91796875
111,21402.365234375,21405.8515625,21412.3203125,21399.55078125,21385.634765625,21407.90625,21410.19140625,21405.26953125,21407.232421875,21402.8828125,21389.220703125,21385.578125,21386.408203125,21397.12109375
112,21442.5546875,21451.845703125,21455.919921875,21441.154296875,21430.435546875,21450.10546875,21452.859375,21447.4921875,21450.921875,21443.931640625,21431.302734375,21432.0859375,21432.42578125,21442.62890625
113,21444.40234375,21465.294921875,21459.05078125,21447.58984375,21446.064453125,21455.689453125,21457.931640625,21455.642578125,21461.486328125,21450.919921875,21443.322265625,21450.98828125,21451.9296875,21457.263671875
114,21430.158203125,21456.583984375,21443.8984375,21437.494140625,21442.623046875,21443.296875,21445.533203125,21444.65625,21452.728515625,21438.498046875,21437.0234375,21446.400390625,21450.421875,21452.21484375
115,21424.482421875,21446.71484375,21438.037109375,21432.453125,21440.41015625,21437.140625,21439.57421875,21434.640625,21447.56640625,21427.978515625,21430.49609375,21438.0546875,21444.224609375,21449.3359375
116,21408.296875,21427.875,21419.91796875,21417.142578125,21428.404296875,21417.08984375,21420.6171875,21413.130859375,21431.361328125,21408.40234375,21412.7421875,21422.99609375,21426.90234375,21434.322265625
117,21390.2421875,21406.466796875,21398.212890625,21399.380859375,21410.80859375,21393.98828125,21398.87109375,21390.23828125,21410.955078125,21387.990234375,21392.91015625,21404.0234375,21404.779296875,21412.73046875
118,21369.576171875,21382.970703125,21373.69140625,21378.787109375,21389.046875,21369.306640625,21374.009765625,21365.462890625,21388.23828125,21366.26171875,21371.33984375,21382.2578125,21379.4296875,21387.328125
119,21341.615234375,21352.080078125,21343.248046875,21348.884765625,21362.064453125,21341.47265625,21343.265625,21333.798828125,21359.865234375,21336.4765625,21343.955078125,21354.001953125,21348.310546875,21357.455078125
120,21333.6640625,21337.5234375,21333.69921875,21338.640625,21348.396484375,21330.947265625,21331.771484375,21319.935546875,21347.0859375,21325.181640625,21330.7734375,21339.31640625,21329.869140625,21341.6875
121,21330.07421875,21331.27734375,21328.298828125,21333.12890625,21339.47265625,21325.28125,21324.982421875,21314.033203125,21339.978515625,21321.65625,21324.9140625,21333.361328125,21319.505859375,21330.833984375
122,21337.21875,21336.578125,21334.318359375,21338.126953125,21339.544921875,21331.65625,21330.318359375,21321.134765625,21343.896484375,21329.8828125,21330.75390625,21337.0390625,21321.0546875,21330.8828125
123,21356.716796875,21354.736328125,21353.74609375,21354.708984375,21351.20703125,21351.646484375,21349.537109375,21342.154296875,21360.78515625,21350.75,21349.125,21352.162109375,21336.154296875,21344.474609375
124,21357.953125,21361.12890625,21354.1796875,21355.39453125,21352.75390625,21355.142578125,21350.609375,21348.59765625,21364.349609375,21356.5859375,21355.091796875,21358.751953125,21343.783203125,21347.244140625
125,21351.9453125,21359.068359375,21347.921875,21349.701171875,21348.4765625,21352.568359375,21345.595703125,21347.53125,21361.455078125,21353.431640625,21353.341796875,21355.669921875,21345.212890625,21344.96484375
126,21351.64453125,21359.30859375,21347.35546875,21349.337890625,21346.853515625,21353.61328125,21346.01953125,21350.38671875,21362.021484375,21354.083984375,21353.611328125,21353.2421875,21347.658203125,21345.58203125
127,21366.791015625,21371.87109375,21363.98828125,21362.841796875,21357.48828125,21369.578125,21362.916015625,21366.244140625,21376.396484375,21368.2421875,21365.267578125,21361.32421875,21360.1015625,21359.646484375
128,21383.6640625,21388.75,21382.904296875,21378.69921875,21372.47265625,21386.99609375,21381.4140625,21383.7265625,21393.962890625,21385.322265625,21379.376953125,21375.3828125,21376.4140625,21377.408203125
129,21387.1015625,21395.96484375,21387.373046875,21382.455078125,21378.966796875,21391.353515625,21386.46875,21389.666015625,21400.291015625,21390.87890625,21384.1328125,21382.349609375,21385.298828125,21385.01953125
130,21377.46875,21390.263671875,21378.125,21374.576171875,21374.55859375,21382.783203125,21378.09375,21382.123046875,21394.296875,21383.048828125,21377.158203125,21377.3046875,21382.78515625,21380.9765625
131,21373.333984375,21384.2890625,21377.12109375,21370.341796875,21373.919921875,21381.9765625,21376.701171875,21375.353515625,21392.486328125,21375.45703125,21371.220703125,21370.947265625,21379.1640625,21382.357421875
132,21386.345703125,21392.59375,21392.181640625,21382.849609375,21385.24609375,21392.498046875,21389.849609375,21382.71875,21402.685546875,21384.228515625,21377.4453125,21378.9296875,21385.1875,21393.55078125
133,21385.3828125,21392.888671875,21390.640625,21382.125,21386.8828125,21388.814453125,21388.15625,21380.55859375,21401.13671875,21383.654296875,21376.6484375,21382.275390625,21384.779296875,21392.712890625
134,21386.482421875,21393.62890625,21390.603515625,21383.501953125,21387.72265625,21387.7578125,21388.6875,21380.92578125,21400.482421875,21384.802734375,21378.31640625,21384.04296875,21384.900390625,21391.87109375
135,21379.76171875,21387.939453125,21382.208984375,21377.15234375,21382.265625,21380.291015625,21381.357421875,21375.205078125,21393.591796875,21379.10546875,21374.599609375,21380.05859375,21380.03515625,21384.880859375
136,21378.6484375,21385.62890625,21380.455078125,21376.326171875,21380.001953125,21378.94140625,21379.8125,21373.73828125,21391.638671875,21377.529296875,21373.8828125,21377.51171875,21377.5625,21382.36328125
137,21372.50390625,21380.185546875,21373.455078125,21370.857421875,21374.400390625,21372.828125,21372.951171875,21368.34765625,21385.978515625,21372.078125,21369.244140625,21372.69921875,21372.28515625,21376.107421875
138,21357.8984375,21367.197265625,21357.927734375,21357.4296875,21362.068359375,21359.025390625,21357.658203125,21354.9140625,21372.951171875,21358.453125,21357.14453125,21360.779296875,21360.46484375,21362.970703125
139,21326.21875,21338.203125,21325.1015625,21327.748046875,21336.173828125,21329.205078125,21325.06640625,21324.5,21344.451171875,21327.796875,21329.671875,21334.462890625,21334.4921875,21335.453125
140,21299.609375,21309.767578125,21297.90625,21302.328125,21311.25,21303.501953125,21297.484375,21296.6328125,21318.005859375,21299.607421875,21303.16796875,21306.80078125,21307.212890625,21309.279296875
141,21283.505859375,21290.310546875,21281.185546875,21286.716796875,21292.876953125,21286.103515625,21279.712890625,21278.513671875,21299.708984375,21282.16015625,21284.708984375,21287.2109375,21286.171875,21289.591796875
142,21274.740234375,21278.958984375,21272.302734375,21277.5,21280.701171875,21276.548828125,21270.03515625,21268.7890625,21288.787109375,21273.169921875,21274.13671875,21275.26953125,21272.5625,21276.810546875
143,21259.935546875,21264.478515625,21258.33203125,21262.419921875,21266.6484375,21263.41796875,21255.40625,21254.2890625,21274.482421875,21259.259765625,21260.423828125,21261.8359375,21258.01171875,21262.322265625
144,21266.60546875,21267.216796875,21267.0703125,21267.80859375,21268.66015625,21270.267578125,21262.783203125,21258.677734375,21278.318359375,21264.01953125,21262.94140625,21262.400390625,21258.322265625,21265.693359375
145,21281.1953125,21280.08203125,21282.158203125,21280.748046875,21278.17578125,21282.943359375,21276.927734375,21272.462890625,21289.806640625,21278.8515625,21274.431640625,21274.001953125,21268.138671875,21275.966796875
146,21284.66796875,21286.544921875,21285.419921875,21283.75,21281.75390625,21286.697265625,21280.54296875,21278.2890625,21293.89453125,21285.19140625,21280.013671875,21281.11328125,21274.703125,21279.966796875
147,21289.876953125,21292.201171875,21292.6875,21287.349609375,21288.466796875,21295.4609375,21288.341796875,21284.15625,21300.40625,21289.64453125,21286.09765625,21286.271484375,21282.404296875,21288.77734375
148,21345.88671875,21340.38671875,21351.935546875,21342.314453125,21332.119140625,21347.302734375,21343.74609375,21333.162109375,21349.859375,21340.484375,21329.23828125,21327.388671875,21323.23046875,21336.484375
149,21365.677734375,21367.78515625,21371.658203125,21361.900390625,21355.697265625,21367.04296875,21363.650390625,21356.3828125,21372.861328125,21365.1015625,21352.841796875,21357.787109375,21350.091796875,21359.859375
150,21370.41015625,21379.265625,21375.07421875,21368.240234375,21365.39453125,21372.669921875,21369.62109375,21366.26171875,21380.5859375,21374.080078125,21364.267578125,21371.255859375,21364.916015625,21369.0234375
151,21379.400390625,21389.3515625,21382.765625,21377.083984375,21374.849609375,21382.67578125,21380.42578125,21379.130859375,21390.013671875,21383.845703125,21376.765625,21380.1953125,21378.080078125,21379.259765625
152,21397.751953125,21406.314453125,21401.072265625,21394.9921875,21390.916015625,21401.208984375,21400.1015625,21399.123046875,21407.8359375,21401.302734375,21394.498046875,21394.4140625,21395.802734375,21397.12890625
153,21401.119140625,21412.474609375,21404.33984375,21398.873046875,21397.376953125,21405.8515625,21404.873046875,21405.837890625,21414.017578125,21405.8125,21400.462890625,21400.591796875,21404.37890625,21404.44921875
154,21392.70703125,21406.6171875,21395.689453125,21391.90625,21393.716796875,21398.708984375,21397.51171875,21399.60546875,21408.857421875,21397.880859375,21394.67578125,21395.34375,21401.8359375,21401.04296875
155,21389.15234375,21401.384765625,21393.00390625,21388.845703125,21392.046875,21395.9765625,21394.73046875,21394.39453125,21406.552734375,21391.701171875,21389.55078125,21389.5625,21398.029296875,21400.04296875
156,21387.845703125,21398.099609375,21392.1640625,21387.78515625,21391.595703125,21393.298828125,21393.013671875,21390.07421875,21405.056640625,21387.970703125,21385.294921875,21386.69921875,21394.177734375,21398.955078125
157,21385.37890625,21394.537109375,21389.173828125,21385.24609375,21389.470703125,21388.732421875,21389.763671875,21385.5,21401.70703125,21384.404296875,21381.26171875,21384.111328125,21389.51953125,21395.212890625
158,21374.744140625,21384.49609375,21377.244140625,21375.0546875,21380.53515625,21376.572265625,21377.962890625,21373.927734375,21391.1953125,21374.111328125,21371.568359375,21375.896484375,21379.3046875,21384.26171875
159,21351.330078125,21362.607421875,21352.408203125,21352.87890625,21361.14453125,21353.263671875,21353.201171875,21349.931640625,21369.521484375,21351.294921875,21350.966796875,21356.6875,21358.787109375,21362.712890625
160,21330.32421875,21340.025390625,21330.158203125,21332.5859375,21341.099609375,21331.765625,21330.5859375,21326.861328125,21348.048828125,21329.3046875,21330.18359375,21335.46875,21336.40234375,21340.6875
161,21314.0546875,21321.390625,21312.849609375,21316.537109375,21323.615234375,21314.52734375,21312.47265625,21308.482421875,21330.30078125,21312.22265625,21313.001953125,21317.564453125,21316.517578125,21321.431640625
162,21283.46484375,21292.0703125,21280.564453125,21286.7109375,21295.765625,21284.427734375,21280.115234375,21278.673828125,21300.494140625,21283.173828125,21285.86328125,21291.115234375,21288.14453125,21290.763671875
163,21249.130859375,21257.734375,21245.11328125,21253.630859375,21263.564453125,21251.173828125,21244.423828125,21244.919921875,21266.318359375,21249.59765625,21254.623046875,21258.84765625,21255.37109375,21256.16015625
164,21233.271484375,21237.548828125,21229.3203125,21237.96484375,21243.421875,21234.912109375,21227.791015625,21228.130859375,21247.189453125,21232.736328125,21237.205078125,21237.509765625,21233.6875,21235.45703125
165,21219.453125,21222.591796875,21216.076171875,21224.66015625,21227.0234375,21221.677734375,21213.455078125,21215.05859375,21232.27734375,21220.103515625,21223.52734375,21222.21875,21217.328125,21218.96484375
166,21202.517578125,21206.595703125,21200.4375,21208.544921875,21210.2734375,21206.931640625,21197.185546875,21200.18359375,21216.017578125,21205.07421875,21208.490234375,21206.44140625,21201.634765625,21202.341796875
167,21180.189453125,21185.962890625,21179.921875,21187.51953125,21190.697265625,21187.333984375,21176.146484375,21180.072265625,21195.126953125,21184.517578125,21188.958984375,21186.98046875,21183.0,21182.466796875
168,21171.88671875,21175.72265625,21174.26953125,21179.931640625,21181.189453125,21180.21875,21169.466796875,21171.671875,21185.666015625,21175.47265625,21179.16796875,21175.48046875,21172.82421875,21173.958984375
169,21172.8125,21174.794921875,21177.05859375,21180.8515625,21179.275390625,21180.568359375,21171.109375,21172.1171875,21184.572265625,21176.072265625,21177.564453125,21173.294921875,21170.587890625,21173.080078125
170,21174.791015625,21176.66015625,21180.130859375,21182.556640625,21179.439453125,21182.0390625,21173.720703125,21174.603515625,21185.359375,21178.8125,21178.560546875,21174.595703125,21171.69921875,21174.08203125
171,21169.31640625,21172.943359375,21175.759765625,21176.94921875,21175.7578125,21177.626953125,21169.560546875,21170.6171875,21180.50390625,21174.658203125,21174.818359375,21171.888671875,21169.46875,21170.626953125
172,21162.162109375,21166.64453125,21169.59375,21170.05859375,21170.703125,21171.02734375,21163.5078125,21164.224609375,21173.521484375,21167.9140625,21168.91015625,21166.736328125,21165.07421875,21165.416015625
173,21156.533203125,21160.939453125,21164.283203125,21165.0078125,21165.751953125,21164.548828125,21158.13671875,21158.830078125,21167.119140625,21162.39453125,21163.49609375,21161.888671875,21160.380859375,21160.0546875
174,21144.376953125,21150.12890625,21152.08984375,21154.06640625,21155.755859375,21152.052734375,21146.123046875,21147.900390625,21155.318359375,21151.47265625,21153.349609375,21152.8828125,21151.09375,21148.955078125
175,21119.255859375,21127.55078125,21128.1171875,21130.2109375,21137.1796875,21129.2421875,21122.5546875,21124.640625,21132.52734375,21127.5703125,21133.01953125,21133.63671875,21132.46875,21128.236328125
176,21117.646484375,21121.607421875,21128.447265625,21128.775390625,21133.783203125,21126.517578125,21121.548828125,21120.421875,21128.216796875,21122.52734375,21127.986328125,21126.208984375,21126.109375,21124.837890625
177,21131.2421875,21130.33203125,21141.60546875,21140.849609375,21140.466796875,21135.6796875,21133.541015625,21131.578125,21136.595703125,21133.396484375,21136.283203125,21132.798828125,21131.232421875,21132.02734375
178,21155.427734375,21151.333984375,21164.3515625,21163.265625,21156.07421875,21156.1328125,21155.81640625,21154.560546875,21156.546875,21156.201171875,21155.474609375,21150.408203125,21147.716796875,21149.779296875
179,21183.6953125,21178.830078125,21191.2421875,21189.552734375,21177.751953125,21183.107421875,21182.908203125,21182.8515625,21183.091796875,21184.119140625,21180.291015625,21174.51953125,21171.78515625,21174.515625
180,21217.615234375,21212.44140625,21222.8203125,21221.064453125,21204.962890625,21215.591796875,21215.927734375,21218.005859375,21215.169921875,21218.18359375,21211.181640625,21204.59375,21202.4453125,21204.927734375
181,21261.748046875,21256.169921875,21265.173828125,21262.5625,21242.091796875,21259.517578125,21259.98046875,21263.607421875,21258.01953125,21261.876953125,21251.58203125,21243.130859375,21243.05078125,21246.3359375
182,21284.166015625,21284.87890625,21286.26171875,21284.001953125,21267.314453125,21285.1015625,21283.669921875,21290.94140625,21284.90625,21287.828125,21277.412109375,21272.009765625,21273.208984375,21273.990234375
183,21266.662109375,21278.810546875,21268.0859375,21269.943359375,21263.58984375,21273.205078125,21268.296875,21279.919921875,21277.50390625,21276.951171875,21270.228515625,21271.84765625,21274.3359375,21269.927734375
184,21233.87890625,21251.32421875,21234.978515625,21240.671875,21243.341796875,21244.470703125,21237.5625,21249.779296875,21251.71484375,21246.484375,21244.896484375,21249.177734375,21254.44921875,21247.80078125
185,21218.515625,21231.888671875,21218.958984375,21226.396484375,21229.61328125,21227.875,21222.169921875,21231.912109375,21235.630859375,21228.208984375,21227.91015625,21229.986328125,21236.552734375,21232.609375
186,21249.8515625,21250.8359375,21250.201171875,21253.6015625,21247.990234375,21254.384765625,21252.8828125,21257.267578125,21258.45703125,21251.939453125,21247.658203125,21242.005859375,21248.890625,21252.828125
187,21304.701171875,21298.01953125,21306.287109375,21303.779296875,21289.625,21305.12890625,21306.453125,21306.5546875,21306.701171875,21301.576171875,21290.8984375,21282.24609375,21286.736328125,21297.67578125
188,21352.263671875,21347.455078125,21355.751953125,21348.404296875,21333.330078125,21352.2890625,21354.5234375,21353.16015625,21353.751953125,21349.21484375,21334.943359375,21329.107421875,21330.806640625,21343.232421875
189,21379.3984375,21382.59765625,21384.421875,21375.765625,21365.228515625,21381.732421875,21383.904296875,21383.56640625,21385.046875,21380.279296875,21366.314453125,21365.681640625,21366.08984375,21375.34765625
190,21379.212890625,21392.13671875,21384.576171875,21378.046875,21375.54296875,21385.455078125,21386.767578125,21389.00390625,21391.7265625,21385.23046875,21375.4921875,21379.30859375,21380.8828125,21384.80859375
191,21410.560546875,21419.33203125,21419.2890625,21408.13671875,21405.837890625,21419.25390625,21420.98828125,21417.337890625,21422.109375,21411.046875,21403.93359375,21403.603515625,21408.978515625,21416.724609375
192,21449.5,21457.31640625,21461.5234375,21447.875,21444.216796875,21456.134765625,21460.314453125,21452.5859375,21460.0859375,21446.92578125,21438.58203125,21441.119140625,21444.28125,21454.96484375
193,21464.169921875,21478.486328125,21477.462890625,21465.07421875,21465.58984375,21470.998046875,21476.63671875,21469.59375,21478.544921875,21464.103515625,21457.861328125,21465.609375,21466.697265625,21474.689453125
194,21476.380859375,21493.865234375,21490.146484375,21479.662109375,21481.515625,21483.3984375,21490.435546875,21483.373046875,21492.51171875,21477.3203125,21473.939453125,21482.279296875,21483.822265625,21489.30859375
195,21483.80859375,21501.134765625,21499.107421875,21487.642578125,21493.16796875,21492.19140625,21498.59375,21488.755859375,21502.357421875,21482.224609375,21482.947265625,21491.54296875,21493.67578125,21500.943359375
196,21481.884765625,21499.279296875,21496.759765625,21487.578125,21496.0859375,21487.8671875,21494.8984375,21482.953125,21501.60546875,21478.06640625,21480.818359375,21493.134765625,21493.2578125,21501.80859375
197,21471.541015625,21488.716796875,21483.1640625,21478.638671875,21488.1875,21473.685546875,21482.1171875,21470.517578125,21490.314453125,21466.921875,21471.5,21485.314453125,21483.412109375,21490.50390625
198,21483.50390625,21494.529296875,21492.705078125,21488.888671875,21493.033203125,21481.8515625,21492.07421875,21479.1171875,21496.890625,21476.18359375,21480.04296875,21489.34765625,21486.27734375,21493.859375
199,21518.96484375,21522.376953125,21530.546875,21520.111328125,21520.083984375,21517.1796875,21526.84765625,21508.40625,21528.912109375,21506.798828125,21508.529296875,21514.966796875,21509.0078125,21522.55078125
200,21569.337890625,21571.056640625,21583.8671875,21569.439453125,21563.7734375,21564.888671875,21576.00390625,21554.98828125,21576.26953125,21556.208984375,21552.76953125,21562.529296875,21550.3203125,21566.048828125
201,21600.4921875,21609.98046875,21615.662109375,21602.15234375,21596.517578125,21596.15234375,21607.583984375,21591.25,21609.4609375,21592.60546875,21588.986328125,21603.166015625,21587.03125,21597.5234375
202,21616.759765625,21633.779296875,21631.455078125,21620.89453125,21616.126953125,21614.43359375,21625.18359375,21614.6796875,21628.92578125,21613.8359375,21613.470703125,21627.625,21613.33984375,21617.185546875
203,21644.39453125,21660.41796875,21662.0234375,21648.658203125,21643.388671875,21646.09375,21654.890625,21642.990234375,21659.044921875,21640.390625,21641.85546875,21652.9375,21642.341796875,21647.7734375
204,21658.341796875,21677.16796875,21676.091796875,21665.130859375,21660.98046875,21659.25,21668.501953125,21658.69140625,21675.154296875,21654.693359375,21657.00390625,21671.37109375,21660.869140625,21665.78515625
205,21666.134765625,21687.0234375,21682.03125,21675.275390625,21669.94140625,21665.634765625,21676.1875,21670.095703125,21683.20703125,21663.30859375,21667.10546875,21680.958984375,21672.61328125,21674.515625
206,21671.54296875,21693.025390625,21685.14453125,21682.142578125,21674.111328125,21669.521484375,21681.1875,21679.03125,21688.26171875,21669.18359375,21674.3515625,21685.232421875,21680.1953125,21679.05078125
207,21662.498046875,21683.646484375,21674.458984375,21673.095703125,21667.05859375,21661.0,21671.76171875,21670.703125,21681.421875,21658.45703125,21666.439453125,21675.89453125,21673.904296875,21673.767578125
208,21673.291015625,21691.6171875,21684.173828125,21686.46484375,21672.107421875,21667.2421875,21680.578125,21679.291015625,21689.287109375,21668.390625,21671.671875,21679.962890625,21678.38671875,21678.84765625
209,21658.18359375,21681.859375,21665.21484375,21673.10546875,21658.03515625,21650.11328125,21663.82421875,21670.068359375,21675.7890625,21656.48828125,21661.517578125,21668.8671875,21668.86328125,21663.109375
210,21634.150390625,21659.8125,21637.845703125,21649.46875,21633.359375,21626.310546875,21638.248046875,21649.890625,21653.44140625,21633.31640625,21641.4921875,21643.142578125,21649.142578125,21638.611328125
211,21617.083984375,21640.5703125,21619.73828125,21630.994140625,21612.62890625,21610.58203125,21620.35546875,21633.298828125,21637.517578125,21615.234375,21623.66796875,21619.375,21630.5859375,21619.388671875
212,21607.529296875,21629.060546875,21610.630859375,21619.814453125,21599.13671875,21601.71484375,21610.021484375,21622.70703125,21629.033203125,21605.1484375,21610.96875,21604.09765625,21617.3671875,21607.025390625
213,21594.2109375,21616.51953125,21597.64453125,21604.724609375,21584.685546875,21589.341796875,21596.10546875,21609.482421875,21617.830078125,21592.61328125,21596.5703125,21589.41015625,21603.61328125,21592.7890625
214,21568.20703125,21593.0859375,21571.236328125,21578.26953125,21560.9765625,21564.390625,21568.55078125,21582.919921875,21595.26953125,21567.294921875,21571.033203125,21565.1015625,21580.51953125,21568.943359375
215,21538.791015625,21563.55078125,21542.2734375,21548.140625,21533.8671875,21538.0703125,21538.62109375,21550.76953125,21569.05859375,21536.62109375,21540.6328125,21535.244140625,21551.4375,21542.662109375
216,21521.412109375,21542.609375,21525.701171875,21529.11328125,21515.349609375,21522.09375,21520.91796875,21528.546875,21551.34375,21517.291015625,21518.80078125,21514.2890625,21528.3671875,21524.2421875
217,21505.853515625,21525.484375,21509.951171875,21512.05078125,21499.396484375,21506.310546875,21504.216796875,21509.45703125,21534.755859375,21501.75390625,21500.576171875,21498.654296875,21508.69921875,21506.779296875
218,21462.666015625,21485.755859375,21464.306640625,21468.666015625,21463.12890625,21465.142578125,21459.048828125,21466.3515625,21493.9453125,21459.890625,21461.826171875,21463.46484375,21471.12890625,21467.673828125
219,21410.09765625,21431.390625,21410.4765625,21414.48046875,21417.29296875,21418.6875,21406.8046875,21411.82421875,21442.65625,21404.337890625,21412.125,21413.650390625,21420.94140625,21420.84375
220,21404.3203125,21414.103515625,21404.046875,21406.0703125,21402.455078125,21409.73046875,21399.384765625,21398.443359375,21427.33203125,21394.16796875,21396.79296875,21395.8203125,21399.234375,21404.83203125
221,21416.283203125,21420.5234375,21415.740234375,21414.4453125,21405.47265625,21417.904296875,21410.076171875,21407.298828125,21432.064453125,21407.6171875,21403.669921875,21402.494140625,21399.7578125,21406.599609375
222,21422.771484375,21428.3671875,21421.798828125,21418.2890625,21408.787109375,21423.314453125,21416.21875,21415.681640625,21436.111328125,21419.087890625,21412.392578125,21411.68359375,21405.849609375,21409.287109375
223,21397.193359375,21409.9375,21394.484375,21392.583984375,21389.9140625,21400.80859375,21390.625,21396.263671875,21414.078125,21399.095703125,21396.72265625,21397.052734375,21393.083984375,21389.728515625
224,21361.451171875,21376.93359375,21357.103515625,21358.462890625,21359.75390625,21368.083984375,21354.6328125,21364.11328125,21380.923828125,21364.76953125,21367.201171875,21365.560546875,21366.837890625,21359.849609375
225,21324.78515625,21339.4375,21319.353515625,21323.537109375,21326.4609375,21333.46484375,21317.5703125,21328.58203125,21345.62109375,21327.21484375,21332.416015625,21328.53515625,21334.220703125,21327.001953125
226,21304.36328125,21314.529296875,21299.43359375,21304.171875,21304.302734375,21313.087890625,21297.08203125,21306.3125,21323.884765625,21304.697265625,21308.294921875,21302.154296875,21309.845703125,21305.87890625
227,21267.642578125,21278.623046875,21262.8125,21268.630859375,21272.40625,21277.73828125,21260.517578125,21270.458984375,21288.8515625,21268.865234375,21273.369140625,21269.0,21276.43359375,21272.576171875
228,21236.74609375,21245.83203125,21233.244140625,21239.52734375,21243.77734375,21247.587890625,21230.33203125,21238.4296875,21257.5234375,21237.267578125,21241.771484375,21237.4296875,21244.87890625,21242.970703125
229,21208.41015625,21215.779296875,21206.400390625,21212.615234375,21217.419921875,21219.48828125,21202.8671875,21209.314453125,21228.12890625,21208.890625,21213.271484375,21209.2890625,21215.521484375,21214.955078125
230,21189.43359375,21194.4921875,21189.484375,21195.208984375,21198.28515625,21200.07421875,21184.82421875,21189.16796875,21207.1640625,21189.90625,21193.07421875,21188.9296875,21193.607421875,21194.73828125
231,21162.8515625,21168.740234375,21164.953125,21170.216796875,21175.3984375,21174.56640625,21159.76171875,21163.5546875,21180.529296875,21165.037109375,21169.2578125,21166.28125,21169.279296875,21169.712890625
232,21140.294921875,21145.419921875,21145.15234375,21148.98828125,21155.58984375,21153.0234375,21139.48046875,21141.419921875,21156.77734375,21142.77734375,21148.564453125,21145.109375,21147.625,21148.228515625
233,21130.6875,21133.267578125,21137.568359375,21140.654296875,21144.400390625,21141.580078125,21130.67578125,21131.08984375,21143.78515625,21132.970703125,21137.9140625,21133.55078125,21134.80078125,21136.017578125
234,21110.62890625,21114.826171875,21118.91796875,21121.81640625,21127.205078125,21121.6875,21111.791015625,21113.130859375,21123.314453125,21115.158203125,21121.62109375,21118.078125,21118.076171875,21116.734375
235,21088.7265625,21093.830078125,21098.8984375,21101.24609375,21108.69140625,21100.419921875,21091.888671875,21093.333984375,21100.82421875,21094.55078125,21103.7109375,21099.625,21099.978515625,21096.2109375
236,21090.66015625,21091.099609375,21102.021484375,21103.126953125,21105.279296875,21099.310546875,21094.7578125,21094.880859375,21097.689453125,21094.615234375,21102.9375,21094.83984375,21096.04296875,21093.41015625
237,21125.236328125,21117.494140625,21135.25390625,21134.9375,21124.609375,21127.53125,21128.140625,21127.818359375,21123.685546875,21125.82421875,21128.587890625,21114.3515625,21116.015625,21117.0078125
238,21161.0,21151.109375,21168.140625,21167.009765625,21149.193359375,21160.021484375,21162.453125,21164.80078125,21155.455078125,21161.865234375,21159.275390625,21142.984375,21144.73046875,21146.380859375
239,21205.17578125,21194.828125,21211.22265625,21207.86328125,21185.1796875,21204.3984375,21206.607421875,21209.6484375,21198.71484375,21205.318359375,21197.779296875,21180.345703125,21184.75390625,21188.609375
240,21257.263671875,21248.541015625,21263.197265625,21258.44140625,21231.61328125,21256.646484375,21257.896484375,21261.0546875,21251.625,21257.15234375,21243.40625,21228.703125,21234.13671875,21240.541015625
241,21276.94921875,21278.2734375,21282.388671875,21278.125,21258.279296875,21280.140625,21279.205078125,21285.751953125,21278.431640625,21282.2265625,21267.953125,21261.0859375,21265.982421875,21268.6953125
242,21273.0390625,21283.7578125,21278.4375,21276.71484375,21265.947265625,21280.931640625,21278.0390625,21286.6796875,21282.73046875,21283.171875,21271.9296875,21271.365234375,21277.224609375,21276.13671875
243,21262.4140625,21276.8125,21268.1796875,21268.287109375,21264.88671875,21273.537109375,21269.38671875,21277.06640625,21277.5703125,21273.271484375,21265.921875,21268.169921875,21275.44921875,21274.2578125
244,21244.076171875,21259.416015625,21249.38671875,21251.85546875,21254.38671875,21255.458984375,21251.1015625,21257.369140625,21262.193359375,21254.400390625,21250.265625,21255.232421875,21261.609375,21261.265625
245,21219.76953125,21234.388671875,21223.751953125,21229.015625,21235.619140625,21229.580078125,21225.72265625,21230.908203125,21238.71875,21229.314453125,21227.93359375,21234.443359375,21238.640625,21238.744140625
246,21188.232421875,21201.513671875,21190.55078125,21198.380859375,21208.53515625,21196.3125,21192.794921875,21197.583984375,21206.99609375,21197.263671875,21199.103515625,21205.759765625,21207.421875,21207.068359375
247,21161.88671875,21171.32421875,21163.8828125,21171.8671875,21183.720703125,21168.7109375,21165.306640625,21168.208984375,21178.8828125,21168.6796875,21173.2109375,21177.765625,21177.5546875,21178.50390625
248,21167.798828125,21168.634765625,21170.85546875,21176.17578125,21181.763671875,21170.998046875,21169.326171875,21168.0078125,21178.802734375,21169.314453125,21171.76171875,21172.029296875,21169.791015625,21175.9296875
249,21192.244140625,21186.8828125,21195.189453125,21197.76953125,21195.20703125,21190.873046875,21191.228515625,21188.220703125,21196.89453125,21190.681640625,21188.7578125,21186.484375,21180.859375,21190.0703125
250,21204.8515625,21201.041015625,21206.671875,21208.50390625,21203.947265625,21202.423828125,21202.41796875,21201.611328125,21208.396484375,21205.373046875,21201.642578125,21200.390625,21192.064453125,21198.919921875
251,21200.404296875,21201.732421875,21202.142578125,21204.2890625,21202.818359375,21200.8125,21198.3984375,21199.9609375,21207.224609375,21204.365234375,21202.068359375,21202.828125,21194.662109375,21197.58203125
252,21188.5390625,21193.474609375,21190.31640625,21193.755859375,21195.189453125,21191.275390625,21187.1875,21190.388671875,21198.123046875,21194.732421875,21194.412109375,21196.349609375,21189.609375,21189.248046875
253,21180.576171875,21185.62890625,21182.39453125,21186.49609375,21188.3359375,21184.166015625,21179.830078125,21183.45703125,21190.580078125,21186.85546875,21187.61328125,21188.498046875,21183.69140625,21182.2734375
254,21164.556640625,21170.974609375,21166.15625,21171.70703125,21175.005859375,21168.919921875,21164.02734375,21169.1328125,21175.7890625,21172.029296875,21174.03515625,21175.224609375,21171.28125,21168.05078125
255,21144.884765625,21151.595703125,21146.51171875,21152.955078125,21157.69140625,21149.970703125,21145.205078125,21151.251953125,21156.53125,21152.9765625,21156.810546875,21156.94140625,21154.3515625,21149.58203125
256,21145.671875,21147.810546875,21148.0859375,21153.56640625,21153.869140625,21149.646484375,21146.5546875,21151.16796875,21154.24609375,21151.322265625,21154.10546875,21150.076171875,21149.205078125,21147.013671875
257,21143.462890625,21144.765625,21145.841796875,21151.20703125,21149.35546875,21146.6484375,21144.1796875,21149.783203125,21150.9140625,21149.541015625,21151.009765625,21146.283203125,21145.12890625,21143.037109375
258,21139.986328125,21141.962890625,21142.88671875,21148.62890625,21145.015625,21143.541015625,21141.060546875,21147.548828125,21147.8125,21147.263671875,21147.505859375,21142.703125,21141.90625,21139.44921875
259,21131.16796875,21134.935546875,21134.767578125,21140.95703125,21137.486328125,21135.9375,21133.171875,21140.64453125,21140.3359375,21140.251953125,21140.392578125,21136.009765625,21135.689453125,21131.99609375
260,21120.66015625,21125.71875,21125.298828125,21131.82421875,21128.6875,21126.765625,21123.826171875,21131.748046875,21131.044921875,21131.0390625,21131.583984375,21127.181640625,21127.599609375,21123.064453125
261,21108.39453125,21114.466796875,21114.224609375,21120.99609375,21118.447265625,21115.681640625,21112.67578125,21120.837890625,21119.8203125,21119.818359375,21121.0390625,21116.626953125,21117.54296875,21112.33203125
262,21098.021484375,21104.41796875,21105.18359375,21112.228515625,21109.224609375,21105.939453125,21103.125,21111.177734375,21109.92578125,21110.052734375,21111.484375,21106.8671875,21108.021484375,21102.662109375
263,21092.638671875,21098.29296875,21102.146484375,21107.421875,21104.646484375,21101.8671875,21099.072265625,21105.341796875,21104.701171875,21103.75,21105.755859375,21100.197265625,21102.10546875,21098.244140625
264,21096.169921875,21099.525390625,21106.900390625,21110.599609375,21105.986328125,21104.021484375,21102.5625,21107.2109375,21106.013671875,21105.669921875,21106.767578125,21100.568359375,21101.96875,21099.720703125
265,21109.8984375,21110.15234375,21120.6484375,21122.73828125,21114.625,21115.380859375,21115.775390625,21119.267578125,21116.27734375,21117.439453125,21116.78515625,21109.052734375,21109.98046875,21109.5234375
266,21122.6484375,21121.966796875,21132.5859375,21133.5390625,21123.97265625,21126.740234375,21128.0,21131.701171875,21127.0625,21129.689453125,21127.888671875,21119.822265625,21120.2578125,21120.03125
267,21118.119140625,21121.216796875,21127.853515625,21129.380859375,21122.98046875,21123.3359375,21123.375,21128.517578125,21124.849609375,21127.642578125,21126.49609375,21121.658203125,21121.23828125,21118.470703125
268,21110.953125,21116.099609375,21120.77734375,21123.3125,21118.900390625,21116.8671875,21116.634765625,21122.236328125,21119.146484375,21121.794921875,21121.677734375,21118.30859375,21118.02734375,21113.43359375
269,21106.4765625,21111.6796875,21116.287109375,21119.505859375,21115.45703125,21112.30078125,21112.365234375,21117.9375,21114.78125,21117.40234375,21118.01171875,21114.552734375,21114.4453125,21109.357421875
270,21104.830078125,21109.400390625,21114.427734375,21118.140625,21113.400390625,21110.16015625,21110.603515625,21116.31640625,21112.64453125,21115.50390625,21116.33984375,21112.26171875,21112.0703125,21107.0234375
271,21129.255859375,21127.904296875,21140.025390625,21139.83984375,21131.390625,21133.923828125,21135.01171875,21137.0390625,21133.75390625,21134.33203125,21133.9140625,21125.427734375,21127.421875,21128.091796875
272,21167.302734375,21162.279296875,21177.654296875,21176.345703125,21161.09375,21168.05078125,21169.3515625,21169.84765625,21168.28125,21168.810546875,21162.837890625,21155.6953125,21155.5,21160.748046875
273,21192.275390625,21189.681640625,21200.970703125,21199.349609375,21184.181640625,21192.16796875,21192.837890625,21194.564453125,21193.55078125,21194.7421875,21186.62890625,21182.953125,21180.451171875,21184.845703125
274,21195.7578125,21199.060546875,21202.794921875,21202.62109375,21192.693359375,21197.525390625,21196.544921875,21200.669921875,21200.73046875,21201.8046875,21195.189453125,21195.75,21192.15234375,21192.6796875
275,21171.94921875,21182.828125,21177.583984375,21181.2109375,21179.728515625,21176.998046875,21173.701171875,21180.884765625,21182.990234375,21183.052734375,21180.7265625,21185.869140625,21181.951171875,21176.859375
276,21134.62109375,21149.2578125,21139.66796875,21146.3046875,21153.0234375,21142.634765625,21137.86328125,21146.162109375,21149.955078125,21148.1015625,21151.646484375,21157.734375,21155.099609375,21146.19140625
277,21111.388671875,21122.87890625,21116.478515625,21124.40625,21132.046875,21118.857421875,21114.875,21122.005859375,21125.712890625,21122.984375,21129.29296875,21132.2734375,21130.826171875,21122.640625
278,21110.93359375,21115.86328125,21116.302734375,21123.384765625,21126.013671875,21115.76953125,21113.720703125,21119.095703125,21120.962890625,21118.71875,21124.197265625,21122.248046875,21121.09375,21116.580078125
279,21135.0703125,21132.47265625,21141.17578125,21144.740234375,21139.82421875,21137.1640625,21136.7578125,21139.474609375,21139.712890625,21137.77734375,21139.85546875,21132.861328125,21132.013671875,21133.25
280,21171.37109375,21164.90234375,21177.64453125,21178.74609375,21166.244140625,21170.62109375,21170.494140625,21171.966796875,21172.31640625,21171.16796875,21167.55078125,21160.05078125,21157.767578125,21163.216796875
281,21189.4453125,21186.365234375,21194.64453125,21194.8125,21183.310546875,21188.884765625,21187.734375,21190.998046875,21191.376953125,21191.328125,21185.73828125,21181.791015625,21177.7578125,21181.345703125
282,21204.173828125,21203.533203125,21208.14453125,21208.162109375,21197.947265625,21204.3203125,21202.912109375,21207.369140625,21206.896484375,21207.490234375,21201.63671875,21198.83203125,21195.55859375,21197.05078125
283,21226.66796875,21226.046875,21231.078125,21229.4375,21219.546875,21228.29296875,21225.87109375,21228.94140625,21230.240234375,21228.60546875,21222.25,21219.2734375,21217.984375,21221.072265625
284,21241.998046875,21243.921875,21246.01171875,21245.03125,21236.572265625,21243.81640625,21240.576171875,21244.052734375,21247.451171875,21244.724609375,21237.359375,21237.9453125,21235.93359375,21238.818359375
285,21241.130859375,21247.4296875,21244.140625,21244.859375,21241.021484375,21244.341796875,21240.24609375,21245.11328125,21249.9375,21246.193359375,21240.439453125,21244.28515625,21242.029296875,21242.490234375
286,21233.865234375,21242.326171875,21235.6171875,21238.439453125,21238.05078125,21237.91796875,21233.49609375,21239.197265625,21244.775390625,21240.107421875,21236.607421875,21241.3203125,21239.76953125,21238.46484375
287,21224.013671875,21231.83984375,21225.859375,21228.15234375,21232.35546875,21229.53125,21224.4375,21228.2890625,21236.37890625,21228.79296875,21228.255859375,21232.484375,21232.15625,21231.95703125
288,21229.482421875,21232.830078125,21231.689453125,21232.888671875,21235.9609375,21233.001953125,21228.880859375,21229.537109375,21239.482421875,21230.52734375,21229.359375,21232.66015625,21231.814453125,21235.21875
289,21240.703125,21241.017578125,21241.90234375,21242.767578125,21243.228515625,21240.931640625,21238.474609375,21238.37109375,21247.486328125,21239.92578125,21237.06640625,21240.11328125,21237.07421875,21241.908203125
290,21245.818359375,21246.337890625,21245.517578125,21246.8671875,21246.826171875,21244.759765625,21242.736328125,21243.880859375,21251.640625,21245.662109375,21242.599609375,21245.736328125,21241.193359375,21244.966796875
291,21268.552734375,21265.572265625,21271.67578125,21267.599609375,21267.77734375,21269.90625,21265.90234375,21261.0859375,21274.951171875,21263.8203125,21259.916015625,21261.966796875,21258.533203125,21268.435546875
292,21287.642578125,21285.572265625,21291.65234375,21287.009765625,21287.609375,21286.796875,21282.291015625,21275.498046875,21294.228515625,21282.123046875,21275.248046875,21283.8046875,21275.615234375,21287.34375
293,21293.166015625,21294.7421875,21295.794921875,21292.912109375,21296.212890625,21291.25390625,21286.736328125,21281.005859375,21300.626953125,21289.650390625,21283.44921875,21296.365234375,21284.71484375,21293.658203125
294,21287.251953125,21292.103515625,21287.369140625,21287.802734375,21293.65234375,21285.23828125,21280.3203125,21277.048828125,21295.654296875,21286.05078125,21282.75,21296.8359375,21284.111328125,21289.033203125
295,21283.556640625,21288.40625,21280.150390625,21284.10546875,21288.181640625,21280.283203125,21276.23046875,21276.6796875,21290.07421875,21283.568359375,21282.640625,21293.138671875,21281.751953125,21282.541015625
296,21274.83203125,21280.091796875,21268.701171875,21275.3359375,21278.287109375,21272.478515625,21267.533203125,21272.248046875,21281.46484375,21276.21875,21277.78125,21283.96484375,21275.326171875,21273.017578125
297,21278.830078125,21281.6328125,21271.6484375,21278.712890625,21277.2734375,21277.201171875,21271.85546875,21278.751953125,21284.455078125,21279.73046875,21280.849609375,21281.376953125,21276.64453125,21274.216796875
298,21276.50390625,21280.462890625,21268.5859375,21276.685546875,21273.458984375,21276.232421875,21269.583984375,21279.8671875,21283.76171875,21279.029296875,21279.12109375,21277.990234375,21275.74609375,21272.216796875
299,21266.171875,21272.72265625,21258.853515625,21267.787109375,21264.98046875,21268.71484375,21260.14453125,21272.279296875,21277.08203125,21270.5234375,21270.2109375,21268.853515625,21269.427734375,21265.294921875
300,21251.73046875,21260.208984375,21245.669921875,21255.087890625,21253.421875,21256.91796875,21246.775390625,21259.244140625,21266.083984375,21257.10546875,21256.625,21255.546875,21258.375,21254.54296875
301,21242.169921875,21250.33203125,21237.66015625,21246.6015625,21244.76171875,21248.65234375,21238.13671875,21249.34765625,21257.947265625,21247.2421875,21245.78125,21244.439453125,21248.587890625,21246.390625
302,21228.240234375,21237.166015625,21225.01953125,21233.802734375,21233.154296875,21235.646484375,21224.755859375,21235.15625,21245.615234375,21233.8046875,21231.8671875,21231.732421875,21235.69921875,21234.26171875
303,21227.26171875,21233.5703125,21226.4375,21232.490234375,21231.099609375,21235.2890625,21225.076171875,21231.783203125,21243.84375,21230.912109375,21227.845703125,21226.66796875,21230.8671875,21232.7421875
304,21223.44921875,21229.40625,21224.146484375,21228.517578125,21228.1484375,21231.125,21221.482421875,21226.158203125,21239.640625,21226.853515625,21222.923828125,21223.5625,21225.849609375,21229.00390625
305,21211.744140625,21218.888671875,21213.271484375,21217.193359375,21219.38671875,21219.431640625,21210.10546875,21213.935546875,21228.21875,21215.94921875,21212.759765625,21215.41015625,21216.07421875,21218.509765625
306,21201.791015625,21208.4296875,21203.861328125,21207.470703125,21210.619140625,21209.04296875,21200.517578125,21203.275390625,21217.2890625,21205.904296875,21203.67578125,21206.34375,21206.27734375,21208.30859375
307,21173.12890625,21182.521484375,21175.21484375,21180.41015625,21188.046875,21181.048828125,21171.998046875,21175.916015625,21189.849609375,21179.33984375,21180.576171875,21185.103515625,21183.61328125,21182.41015625
308,21150.39453125,21158.64453125,21153.427734375,21159.29296875,21167.47265625,21158.630859375,21150.056640625,21153.279296875,21166.0546875,21156.20703125,21160.28515625,21162.82421875,21161.6171875,21159.64453125
309,21137.189453125,21142.814453125,21141.26953125,21147.1328125,21153.056640625,21144.568359375,21137.05078125,21139.607421875,21150.423828125,21142.09765625,21147.05859375,21147.1640625,21145.546875,21143.97265625
310,21125.91796875,21130.416015625,21130.919921875,21136.791015625,21140.638671875,21132.689453125,21125.904296875,21128.88671875,21137.45703125,21131.103515625,21136.40625,21135.056640625,21132.666015625,21130.5703125
311,21128.20703125,21129.927734375,21134.373046875,21139.05078125,21138.43359375,21134.015625,21128.67578125,21131.109375,21136.96875,21132.50390625,21136.6015625,21132.33984375,21130.31640625,21129.2578125
312,21146.060546875,21144.15625,21152.7265625,21155.279296875,21148.78515625,21150.15625,21146.572265625,21148.421875,21151.12109375,21148.837890625,21150.07421875,21142.703125,21141.24609375,21142.16796875
313,21174.10546875,21169.720703125,21180.26953125,21180.98046875,21168.70703125,21176.16796875,21174.0,21176.111328125,21175.888671875,21176.005859375,21173.181640625,21164.1328125,21163.048828125,21165.5234375
314,21180.869140625,21181.0390625,21185.7265625,21186.787109375,21176.419921875,21183.896484375,21180.833984375,21186.318359375,21184.755859375,21186.3515625,21182.568359375,21176.498046875,21175.255859375,21174.466796875
315,21228.892578125,21223.673828125,21235.626953125,21232.60546875,21215.072265625,21231.953125,21229.732421875,21230.767578125,21229.873046875,21229.189453125,21220.93359375,21210.525390625,21213.5703125,21219.1875
316,21263.00390625,21261.130859375,21269.451171875,21265.75390625,21248.06640625,21265.30859375,21262.447265625,21264.48046875,21265.45703125,21264.654296875,21252.3828125,21247.5234375,21248.330078125,21254.4765625
317,21289.015625,21291.72265625,21295.2265625,21291.349609375,21276.041015625,21292.46875,21289.5078125,21292.33984375,21294.099609375,21292.662109375,21279.59765625,21278.205078125,21278.994140625,21283.720703125
318,21301.298828125,21309.126953125,21306.703125,21303.71484375,21293.369140625,21306.73828125,21303.4453125,21307.814453125,21309.9765625,21307.427734375,21296.333984375,21297.6015625,21299.037109375,21301.291015625
319,21344.701171875,21347.919921875,21352.32421875,21345.05078125,21332.8984375,21350.775390625,21348.431640625,21347.548828125,21351.494140625,21345.37890625,21333.966796875,21331.791015625,21336.03125,21343.54296875
320,21393.439453125,21396.291015625,21403.419921875,21393.650390625,21379.91015625,21397.75,21396.7578125,21392.8359375,21399.634765625,21391.576171875,21377.68359375,21378.650390625,21380.36328125,21391.66796875
321,21427.033203125,21435.478515625,21438.271484375,21428.501953125,21417.513671875,21431.6171875,21431.7890625,21428.3203125,21435.9296875,21427.19921875,21414.021484375,21419.515625,21418.73046875,21428.572265625
322,21433.48046875,21450.388671875,21444.37890625,21437.8515625,21433.39453125,21440.224609375,21440.408203125,21439.73046875,21448.05859375,21437.931640625,21429.3671875,21438.6953125,21437.650390625,21443.02734375
323,21441.5859375,21458.3515625,21453.79296875,21446.396484375,21447.37890625,21451.091796875,21450.072265625,21446.24609375,21459.373046875,21443.359375,21440.099609375,21448.470703125,21449.853515625,21457.052734375
324,21448.16015625,21463.068359375,21459.578125,21453.076171875,21457.212890625,21455.41796875,21455.759765625,21449.6875,21465.580078125,21446.732421875,21446.09375,21455.8515625,21456.400390625,21464.892578125
325,21443.91015625,21458.541015625,21452.36328125,21449.296875,21455.634765625,21447.73828125,21449.787109375,21444.126953125,21460.578125,21441.341796875,21443.1640625,21454.150390625,21453.1875,21460.4296875
326,21412.794921875,21430.27734375,21416.296875,21420.287109375,21430.5625,21414.248046875,21415.849609375,21413.451171875,21431.365234375,21411.30078125,21417.35546875,21429.833984375,21428.046875,21431.806640625
327,21362.017578125,21380.19921875,21359.77734375,21371.275390625,21385.341796875,21362.349609375,21361.556640625,21362.203125,21382.27734375,21360.2734375,21371.515625,21382.796875,21381.76171875,21382.6328125
328,21344.216796875,21352.5703125,21339.197265625,21351.494140625,21359.697265625,21341.818359375,21340.640625,21338.640625,21359.22265625,21337.53125,21347.44140625,21352.095703125,21351.271484375,21355.689453125
329,21350.37890625,21350.599609375,21344.357421875,21353.98828125,21354.26171875,21344.6953125,21344.232421875,21340.755859375,21359.40625,21341.32421875,21345.96875,21346.638671875,21342.59375,21349.880859375
330,21358.384765625,21357.134765625,21352.17578125,21358.6796875,21355.14453125,21352.326171875,21351.04296875,21348.890625,21365.349609375,21350.9609375,21351.66796875,21351.28515625,21344.3671875,21351.06640625
331,21381.64453125,21377.599609375,21379.451171875,21377.06640625,21372.740234375,21379.66015625,21376.705078125,21370.416015625,21388.09765625,21372.939453125,21370.91796875,21368.611328125,21361.751953125,21372.259765625
332,21420.474609375,21415.884765625,21421.91796875,21414.18359375,21405.9609375,21417.998046875,21415.583984375,21406.365234375,21425.34375,21411.869140625,21403.62890625,21404.53125,21394.904296875,21407.833984375
333,21450.064453125,21450.697265625,21453.212890625,21442.8046875,21435.578125,21448.3359375,21446.54296875,21438.845703125,21456.1796875,21445.265625,21434.830078125,21439.4453125,21428.357421875,21438.2421875
334,21462.216796875,21470.19921875,21465.486328125,21455.779296875,21452.146484375,21462.423828125,21460.419921875,21456.62109375,21471.7421875,21462.025390625,21453.435546875,21460.189453125,21451.037109375,21455.345703125
335,21404.705078125,21425.5625,21406.318359375,21402.228515625,21416.875,21412.78125,21404.37890625,21405.6015625,21426.865234375,21408.349609375,21411.697265625,21424.603515625,21419.98828125,21419.193359375
336,21346.58203125,21366.236328125,21343.81640625,21348.03125,21367.80078125,21354.240234375,21344.0859375,21345.90625,21369.474609375,21346.349609375,21356.478515625,21368.4765625,21368.828125,21366.88671875
337,21300.96875,21314.05859375,21294.40234375,21304.66015625,21321.919921875,21305.232421875,21294.82421875,21296.107421875,21320.44921875,21296.16796875,21307.599609375,21316.7109375,21317.6171875,21317.7109375
338,21268.708984375,21275.259765625,21260.2578125,21272.595703125,21285.328125,21270.462890625,21260.17578125,21261.052734375,21284.025390625,21261.412109375,21271.703125,21277.35546875,21276.24609375,21278.35546875
339,21244.53515625,21246.642578125,21237.103515625,21247.37890625,21258.189453125,21247.1640625,21235.90234375,21235.0625,21257.498046875,21236.251953125,21245.54296875,21248.806640625,21245.169921875,21249.748046875
340,21254.890625,21249.94921875,21251.05859375,21256.09375,21258.96484375,21256.7421875,21246.791015625,21241.244140625,21262.734375,21244.623046875,21248.083984375,21248.5546875,21242.21484375,21251.904296875
341,21272.791015625,21266.232421875,21270.25,21271.828125,21269.09765625,21272.6171875,21264.107421875,21258.990234375,21276.66796875,21264.505859375,21262.51953125,21263.515625,21253.033203125,21262.763671875
342,21285.931640625,21282.23046875,21283.70703125,21283.861328125,21278.91015625,21286.16796875,21277.3984375,21275.36328125,21289.44140625,21281.6953125,21277.294921875,21278.99609375,21267.322265625,21274.033203125
343,21296.4140625,21296.44921875,21295.69140625,21294.326171875,21289.78125,21300.103515625,21289.419921875,21288.80859375,21302.748046875,21295.08203125,21290.052734375,21292.33984375,21282.580078125,21287.76171875
344,21309.978515625,21312.40234375,21310.982421875,21308.37109375,21304.08984375,21315.9453125,21304.189453125,21303.478515625,21318.6328125,21309.9375,21303.5625,21307.357421875,21299.486328125,21304.7109375
345,21323.314453125,21327.8671875,21324.3515625,21321.990234375,21317.51953125,21329.140625,21317.880859375,21318.578125,21332.74609375,21324.7109375,21317.103515625,21322.40625,21315.60546875,21319.474609375
346,21321.705078125,21330.375,21321.4296875,21320.94140625,21319.35546875,21328.271484375,21316.78125,21320.802734375,21333.525390625,21325.541015625,21319.5625,21326.1953125,21321.126953125,21321.68359375
347,21296.603515625,21309.462890625,21296.494140625,21296.662109375,21304.556640625,21307.91796875,21293.69921875,21297.607421875,21314.21484375,21300.916015625,21300.431640625,21308.916015625,21307.064453125,21306.91796875
348,21291.0078125,21299.5703125,21291.1640625,21291.53515625,21299.138671875,21300.71875,21287.939453125,21288.169921875,21306.740234375,21291.416015625,21290.8046875,21298.578125,21298.142578125,21301.224609375
349,21291.794921875,21297.30078125,21290.82421875,21292.603515625,21297.03125,21297.443359375,21286.8828125,21286.587890625,21304.333984375,21290.55859375,21287.85546875,21296.15625,21293.58203125,21298.04296875
350,21282.640625,21288.712890625,21280.03125,21283.61328125,21288.0390625,21286.783203125,21276.85546875,21278.396484375,21294.556640625,21282.314453125,21280.095703125,21288.791015625,21284.6171875,21287.62109375
351,21274.673828125,21280.603515625,21269.92578125,21276.0,21278.03125,21277.255859375,21268.021484375,21272.69140625,21285.017578125,21275.421875,21274.037109375,21280.419921875,21276.373046875,21276.595703125
352,21281.94921875,21285.078125,21277.2109375,21282.556640625,21280.009765625,21284.6640625,21275.662109375,21280.736328125,21290.759765625,21281.990234375,21279.650390625,21281.369140625,21279.337890625,21280.267578125
353,21284.494140625,21288.5625,21279.638671875,21285.037109375,21281.064453125,21287.951171875,21278.056640625,21285.39453125,21294.16796875,21285.806640625,21282.580078125,21283.669921875,21282.2109375,21282.4375
354,21271.271484375,21279.650390625,21266.255859375,21273.53125,21271.546875,21276.873046875,21264.9609375,21275.369140625,21284.615234375,21275.3203125,21273.0078125,21275.6328125,21275.220703125,21273.0
355,21223.365234375,21239.41796875,21218.25,21229.177734375,21236.357421875,21234.048828125,21217.982421875,21231.666015625,21244.06640625,21230.8828125,21234.443359375,21240.435546875,21241.75,21235.29296875
356,21179.30859375,21194.919921875,21175.84375,21187.376953125,21200.02734375,21193.3046875,21175.806640625,21187.064453125,21202.197265625,21185.0390625,21193.404296875,21198.005859375,21202.177734375,21196.38671875
357,21152.0,21163.1015625,21150.169921875,21161.7578125,21173.060546875,21164.4765625,21148.37109375,21156.83203125,21172.09375,21154.943359375,21163.572265625,21166.580078125,21170.18359375,21166.751953125
358,21133.669921875,21141.5078125,21133.8359375,21144.595703125,21153.142578125,21144.525390625,21130.07421875,21136.705078125,21150.861328125,21135.57421875,21143.201171875,21145.025390625,21146.66015625,21144.71875
359,21122.52734375,21128.1796875,21124.875,21134.080078125,21139.630859375,21132.197265625,21119.568359375,21124.953125,21136.91015625,21124.509765625,21131.109375,21131.4921875,21131.38671875,21129.80859375
360,21107.583984375,21113.576171875,21112.6484375,21119.4921875,21126.07421875,21118.3671875,21106.35546875,21110.65625,21121.345703125,21110.708984375,21118.228515625,21118.216796875,21117.25,21114.806640625
361,21106.658203125,21110.419921875,21113.71875,21118.994140625,21121.763671875,21115.671875,21106.12109375,21109.376953125,21117.0859375,21109.67578125,21115.912109375,21114.162109375,21112.81640625,21110.283203125
362,21108.029296875,21111.423828125,21116.18359375,21120.650390625,21120.2890625,21116.009765625,21107.8359375,21111.62890625,21116.5703125,21112.125,21117.115234375,21114.55859375,21112.82421875,21109.220703125
363,21102.34375,21108.08203125,21111.927734375,21115.904296875,21115.970703125,21111.587890625,21103.146484375,21107.66796875,21111.822265625,21108.5703125,21113.888671875,21112.162109375,21110.64453125,21104.904296875
364,21100.06640625,21106.51953125,21111.251953125,21114.337890625,21114.28125,21109.982421875,21102.037109375,21106.046875,21109.642578125,21106.9453125,21112.431640625,21110.6640625,21110.109375,21103.443359375
365,21101.318359375,21107.646484375,21113.0625,21115.798828125,21114.556640625,21110.51171875,21103.53515625,21107.708984375,21109.9296875,21108.439453125,21113.513671875,21111.66796875,21111.376953125,21103.974609375
366,21109.376953125,21114.6484375,21120.8984375,21123.5546875,21119.3671875,21117.166015625,21111.37109375,21116.078125,21116.29296875,21116.20703125,21120.06640625,21117.29296875,21117.4296875,21109.9296875
367,21116.830078125,21122.09765625,21127.42578125,21130.294921875,21124.388671875,21123.83984375,21118.498046875,21124.650390625,21122.9609375,21123.990234375,21126.9296875,21123.861328125,21124.333984375,21116.2109375
368,21135.568359375,21138.880859375,21145.50390625,21147.97265625,21138.14453125,21141.501953125,21136.763671875,21143.033203125,21140.154296875,21141.4140625,21142.02734375,21137.466796875,21139.267578125,21132.7421875
369,21162.505859375,21163.908203125,21170.578125,21173.29296875,21158.3515625,21166.37890625,21162.263671875,21169.900390625,21164.96875,21167.365234375,21164.486328125,21159.03515625,21161.203125,21156.12109375
370,21195.509765625,21195.84765625,21201.328125,21204.30859375,21184.58984375,21198.125,21194.109375,21203.66015625,21196.62109375,21199.900390625,21193.416015625,21186.974609375,21189.951171875,21186.103515625
371,21231.478515625,21232.298828125,21236.43359375,21238.53125,21216.771484375,21235.1640625,21229.63671875,21239.89453125,21233.705078125,21235.376953125,21225.9453125,21219.71875,21224.095703125,21222.33203125
372,21301.791015625,21298.400390625,21308.287109375,21307.318359375,21277.232421875,21304.23828125,21298.515625,21305.203125,21301.859375,21301.03515625,21284.720703125,21277.21875,21283.138671875,21288.353515625
373,21368.240234375,21366.8125,21374.96484375,21370.439453125,21339.962890625,21370.34375,21365.25,21372.2890625,21367.9453125,21367.109375,21347.83203125,21342.39453125,21346.9375,21353.369140625
374,21402.7890625,21411.765625,21409.923828125,21405.533203125,21382.740234375,21408.619140625,21402.474609375,21412.72265625,21409.037109375,21406.869140625,21389.837890625,21390.611328125,21393.978515625,21396.75
375,21452.1796875,21463.013671875,21463.658203125,21455.54296875,21436.15234375,21461.98046875,21455.3828125,21461.181640625,21462.041015625,21454.298828125,21439.396484375,21440.234375,21446.484375,21451.826171875
376,21484.73046875,21501.98046875,21499.1796875,21492.029296875,21477.70703125,21495.396484375,21489.478515625,21493.97265625,21500.07421875,21488.38671875,21475.23046875,21482.984375,21486.759765625,21492.875
377,21463.919921875,21493.015625,21477.220703125,21476.853515625,21475.609375,21477.01953125,21470.560546875,21477.60546875,21489.38671875,21472.71484375,21467.685546875,21483.40625,21486.06640625,21488.2265625
378,21422.16015625,21453.83203125,21430.849609375,21438.59375,21446.171875,21434.529296875,21428.22265625,21435.328125,21451.671875,21430.462890625,21434.44140625,21450.1640625,21455.28125,21455.021484375
379,21417.61328125,21436.076171875,21423.380859375,21430.45703125,21435.908203125,21425.6171875,21421.755859375,21421.826171875,21440.76953125,21417.15625,21422.890625,21430.650390625,21437.337890625,21442.89453125
380,21479.7734375,21481.611328125,21487.744140625,21488.759765625,21477.1875,21478.55859375,21480.685546875,21471.20703125,21490.77734375,21470.900390625,21465.75390625,21468.251953125,21469.328125,21484.44140625
381,21496.193359375,21504.537109375,21503.642578125,21503.1171875,21495.21875,21493.82421875,21496.595703125,21490.5546875,21509.56640625,21491.91796875,21486.08203125,21494.796875,21488.0234375,21500.103515625
382,21493.392578125,21507.43359375,21499.119140625,21499.64453125,21496.373046875,21492.591796875,21494.333984375,21491.611328125,21509.240234375,21492.26953125,21490.5078125,21499.794921875,21493.00390625,21499.71875
383,21531.203125,21538.146484375,21539.1328125,21533.08984375,21525.212890625,21531.498046875,21534.052734375,21526.888671875,21542.87890625,21526.357421875,21523.509765625,21525.896484375,21521.806640625,21530.45703125
384,21531.572265625,21544.634765625,21538.294921875,21533.376953125,21530.970703125,21531.8828125,21533.880859375,21530.9765625,21546.501953125,21529.189453125,21528.73828125,21535.845703125,21530.501953125,21535.392578125
385,21509.3203125,21527.435546875,21513.01953125,21513.1640625,21515.025390625,21510.23828125,21510.818359375,21511.921875,21527.5390625,21508.1171875,21512.150390625,21520.208984375,21518.251953125,21518.63671875
386,21479.7109375,21498.009765625,21479.068359375,21484.423828125,21487.44921875,21479.861328125,21479.36328125,21483.626953125,21498.4453125,21477.427734375,21485.07421875,21490.37109375,21492.86328125,21490.0
387,21476.21875,21487.16796875,21474.3203125,21478.900390625,21476.62109375,21474.9453125,21474.9140625,21476.98828125,21491.470703125,21470.28515625,21475.865234375,21475.38671875,21480.65625,21480.13671875
388,21495.03515625,21500.017578125,21494.8515625,21494.96875,21486.39453125,21492.021484375,21493.65234375,21492.203125,21506.951171875,21487.5,21486.9765625,21484.455078125,21488.1171875,21491.240234375
389,21507.64453125,21513.892578125,21509.177734375,21505.36328125,21496.767578125,21504.765625,21507.171875,21505.43359375,21519.9765625,21502.2890625,21498.41796875,21497.78125,21499.08203125,21501.876953125
390,21499.373046875,21511.162109375,21501.0703125,21497.26953125,21492.75390625,21498.0078125,21499.240234375,21499.92578125,21515.158203125,21497.21875,21494.287109375,21496.490234375,21497.865234375,21497.546875
391,21535.978515625,21541.09375,21542.94140625,21531.130859375,21521.21484375,21536.533203125,21539.275390625,21532.23828125,21548.9140625,21530.990234375,21523.625,21521.619140625,21524.345703125,21529.515625
392,21573.95703125,21580.494140625,21585.294921875,21568.73046875,21557.48828125,21573.775390625,21578.908203125,21569.306640625,21586.935546875,21570.73046875,21558.802734375,21561.05078125,21559.705078125,21566.466796875
393,21573.65625,21590.5,21585.416015625,21571.037109375,21566.689453125,21575.03125,21579.880859375,21575.083984375,21592.1640625,21575.494140625,21567.080078125,21574.955078125,21573.009765625,21574.60546875
394,21547.9765625,21571.685546875,21556.873046875,21549.037109375,21550.2578125,21550.58984375,21553.79296875,21554.43359375,21570.75390625,21551.580078125,21550.287109375,21558.435546875,21561.244140625,21557.154296875
395,21498.783203125,21523.916015625,21503.943359375,21502.517578125,21510.455078125,21503.705078125,21502.953125,21505.439453125,21525.798828125,21499.142578125,21506.279296875,21513.17578125,21521.40625,21517.05859375
396,21472.98828125,21489.705078125,21475.3203125,21477.39453125,21481.78515625,21475.34375,21474.435546875,21473.212890625,21496.1875,21466.900390625,21473.814453125,21477.53125,21486.953125,21487.5
397,21450.865234375,21462.56640625,21450.095703125,21454.623046875,21456.349609375,21450.10546875,21449.197265625,21447.384765625,21470.603515625,21442.140625,21447.2421875,21450.705078125,21456.607421875,21459.5078125
398,21422.66015625,21432.708984375,21419.01953125,21425.548828125,21427.13671875,21421.05078125,21418.353515625,21417.8203125,21440.8203125,21413.708984375,21418.65625,21422.28125,21424.65234375,21427.673828125
399,21389.810546875,21398.91796875,21383.923828125,21392.029296875,21394.42578125,21388.857421875,21383.326171875,21384.126953125,21407.046875,21381.244140625,21386.927734375,21390.310546875,21390.115234375,21392.62109375
400,21344.474609375,21354.373046875,21336.32421875,21346.828125,21352.44921875,21346.251953125,21336.00390625,21339.529296875,21362.55859375,21336.779296875,21345.37890625,21348.81640625,21347.080078125,21348.09375
401,21304.51171875,21312.388671875,21295.12890625,21306.904296875,21312.91796875,21308.482421875,21294.630859375,21299.498046875,21321.42578125,21296.587890625,21306.763671875,21308.29296875,21306.0,21306.72265625
402,21265.806640625,21272.298828125,21256.203125,21268.427734375,21275.130859375,21272.171875,21255.134765625,21261.3671875,21281.953125,21258.458984375,21269.6640625,21270.01953125,21266.95703125,21267.306640625
403,21229.318359375,21234.912109375,21221.017578125,21232.72265625,21240.29296875,21238.4296875,21219.013671875,21225.603515625,21245.046875,21222.986328125,21234.798828125,21234.412109375,21230.982421875,21231.240234375
404,21215.912109375,21217.537109375,21210.37890625,21219.658203125,21222.744140625,21225.279296875,21206.701171875,21211.439453125,21228.267578125,21209.75390625,21218.681640625,21215.806640625,21212.166015625,21214.150390625
405,21215.359375,21214.94921875,21212.607421875,21219.05859375,21217.490234375,21224.474609375,21207.20703125,21210.931640625,21225.203125,21210.912109375,21215.66796875,21211.84375,21207.296875,21210.2890625
406,21222.55859375,21222.0703125,21222.12890625,21226.05078125,21220.623046875,21231.55859375,21215.619140625,21219.1796875,21231.08203125,21220.65234375,21221.33984375,21217.369140625,21212.630859375,21215.53125
407,21242.21484375,21241.099609375,21245.009765625,21244.408203125,21236.244140625,21252.064453125,21237.712890625,21238.759765625,21249.958984375,21241.365234375,21238.07421875,21233.580078125,21230.125,21234.755859375
408,21268.75390625,21267.798828125,21272.341796875,21269.455078125,21258.146484375,21276.35546875,21264.576171875,21265.62109375,21274.548828125,21269.62109375,21261.802734375,21258.375,21254.845703125,21259.15234375
409,21279.06640625,21282.966796875,21282.087890625,21279.1875,21270.216796875,21286.900390625,21275.625,21279.541015625,21286.962890625,21283.693359375,21275.25,21274.349609375,21271.80859375,21272.6640625
410,21275.306640625,21284.20703125,21277.28515625,21276.283203125,21271.001953125,21284.341796875,21272.919921875,21279.916015625,21286.5703125,21282.994140625,21276.255859375,21276.9453125,21277.208984375,21274.248046875
411,21295.478515625,21301.369140625,21298.1171875,21295.720703125,21287.572265625,21304.46484375,21294.759765625,21299.62890625,21305.7578125,21300.8125,21292.8125,21289.865234375,21294.53125,21293.994140625
412,21319.142578125,21324.28515625,21322.43359375,21318.943359375,21309.072265625,21327.015625,21318.603515625,21322.412109375,21329.404296875,21323.52734375,21312.845703125,21310.666015625,21315.869140625,21317.775390625
413,21323.16015625,21332.513671875,21326.35546875,21323.455078125,21317.736328125,21331.705078125,21323.447265625,21328.455078125,21336.705078125,21329.275390625,21319.345703125,21320.638671875,21325.6953125,21326.615234375
414,21311.892578125,21325.216796875,21314.421875,21314.138671875,21313.142578125,21321.2578125,21312.7421875,21318.84765625,21328.998046875,21319.375,21312.111328125,21316.072265625,21321.697265625,21321.06640625
415,21291.859375,21306.7578125,21293.869140625,21296.240234375,21299.462890625,21302.107421875,21292.921875,21298.662109375,21311.8125,21298.98828125,21295.01953125,21300.216796875,21306.443359375,21305.92578125
416,21276.20703125,21288.947265625,21278.005859375,21281.66015625,21286.466796875,21285.923828125,21276.833984375,21280.408203125,21296.2421875,21280.919921875,21278.76953125,21283.767578125,21289.50390625,21291.23828125
417,21264.36328125,21274.33203125,21265.240234375,21270.109375,21274.53125,21271.69140625,21263.568359375,21265.974609375,21282.505859375,21267.21875,21265.466796875,21270.384765625,21273.77734375,21276.916015625
418,21252.529296875,21260.79296875,21252.388671875,21258.32421875,21262.09765625,21258.029296875,21250.384765625,21252.716796875,21269.041015625,21254.7734375,21253.455078125,21257.9921875,21258.93359375,21262.23046875
419,21238.109375,21244.396484375,21239.96875,21241.8125,21251.095703125,21246.8359375,21237.349609375,21235.666015625,21255.525390625,21237.751953125,21239.544921875,21243.404296875,21243.7578125,21250.216796875
420,21266.322265625,21264.73828125,21270.806640625,21270.16796875,21269.986328125,21270.015625,21262.759765625,21254.611328125,21277.6328125,21260.826171875,21255.67578125,21260.146484375,21256.5,21269.822265625
421,21286.076171875,21285.3203125,21290.22265625,21288.630859375,21286.0859375,21286.7734375,21280.671875,21272.900390625,21295.138671875,21282.064453125,21273.662109375,21281.705078125,21272.111328125,21284.6171875
422,21294.623046875,21297.3984375,21297.615234375,21296.537109375,21294.86328125,21295.236328125,21288.916015625,21283.505859375,21303.810546875,21293.62890625,21286.04296875,21295.63671875,21283.69921875,21292.4140625
423,21340.1484375,21336.97265625,21345.708984375,21338.33203125,21331.8984375,21341.478515625,21336.12109375,21325.494140625,21345.548828125,21334.890625,21325.5625,21329.828125,21320.05859375,21333.03125
424,21396.853515625,21392.25,21402.259765625,21392.830078125,21379.873046875,21394.0,21391.328125,21381.771484375,21397.435546875,21391.427734375,21377.501953125,21382.212890625,21369.875,21382.73046875
425,21461.451171875,21458.904296875,21468.32421875,21455.912109375,21438.203125,21458.521484375,21457.4765625,21449.73828125,21460.67578125,21457.8046875,21441.28515625,21444.462890625,21432.94140625,21443.80859375
426,21486.728515625,21496.400390625,21493.73046875,21482.84375,21471.607421875,21488.23828125,21485.880859375,21485.486328125,21493.1328125,21490.177734375,21477.58203125,21484.34375,21475.02734375,21478.51953125
427,21525.955078125,21537.36328125,21537.181640625,21523.224609375,21513.564453125,21532.580078125,21529.615234375,21527.08203125,21536.404296875,21528.4609375,21518.380859375,21522.359375,21520.076171875,21523.947265625
428,21563.6640625,21578.359375,21578.53515625,21565.08984375,21555.109375,21570.419921875,21569.046875,21565.6640625,21577.486328125,21566.349609375,21555.73046875,21563.05859375,21561.94140625,21566.75390625
429,21573.701171875,21595.71484375,21589.416015625,21579.376953125,21574.39453125,21581.681640625,21581.53125,21580.802734375,21593.328125,21578.880859375,21572.330078125,21583.125,21583.626953125,21585.65625
430,21562.060546875,21588.67578125,21575.611328125,21571.7109375,21571.060546875,21569.640625,21570.556640625,21572.71875,21585.583984375,21567.7265625,21567.28515625,21578.291015625,21582.513671875,21581.296875
431,21552.099609375,21574.724609375,21564.373046875,21562.427734375,21563.931640625,21559.1875,21560.255859375,21559.134765625,21576.755859375,21552.7890625,21556.3125,21564.630859375,21572.26171875,21574.49609375
432,21546.580078125,21564.064453125,21556.58203125,21557.16015625,21557.396484375,21549.224609375,21552.4140625,21548.2265625,21568.927734375,21542.404296875,21545.634765625,21554.3125,21560.451171875,21566.357421875
433,21549.2734375,21562.306640625,21556.24609375,21558.390625,21554.732421875,21546.990234375,21553.259765625,21548.685546875,21566.953125,21542.796875,21544.435546875,21551.578125,21555.06640625,21561.1796875
434,21542.912109375,21555.9296875,21546.361328125,21551.109375,21545.548828125,21537.552734375,21544.609375,21543.072265625,21558.70703125,21536.99609375,21538.826171875,21544.9921875,21546.37109375,21549.9140625
435,21536.966796875,21547.638671875,21540.419921875,21542.744140625,21538.251953125,21534.09375,21538.626953125,21534.71484375,21553.892578125,21529.26953125,21531.861328125,21536.513671875,21537.19140625,21543.771484375
436,21519.140625,21530.482421875,21520.05078125,21524.134765625,21521.8671875,21515.91796875,21518.76171875,21516.24609375,21536.041015625,21510.8984375,21514.3828125,21521.400390625,21519.453125,21525.525390625
437,21506.923828125,21516.9140625,21505.099609375,21511.263671875,21506.794921875,21502.564453125,21504.27734375,21503.3359375,21521.642578125,21498.283203125,21501.15234375,21507.283203125,21504.072265625,21509.078125
438,21485.013671875,21496.4296875,21479.888671875,21489.15625,21484.265625,21480.755859375,21479.83984375,21483.0859375,21499.76953125,21477.763671875,21481.513671875,21487.0703125,21483.1640625,21485.14453125
439,21468.57421875,21477.65625,21463.986328125,21470.458984375,21466.89453125,21468.81640625,21464.126953125,21465.302734375,21484.611328125,21460.13671875,21464.36328125,21467.857421875,21464.46875,21469.33203125
440,21476.37109375,21480.8828125,21472.923828125,21476.173828125,21468.12109375,21475.978515625,21471.4765625,21470.017578125,21488.982421875,21467.060546875,21466.03125,21469.326171875,21463.421875,21471.0546875
441,21477.962890625,21484.30078125,21474.568359375,21476.71484375,21468.109375,21477.365234375,21472.365234375,21472.75390625,21490.169921875,21471.634765625,21467.740234375,21473.41796875,21464.423828125,21470.515625
442,21459.046875,21470.77734375,21454.19921875,21458.265625,21453.029296875,21460.419921875,21452.796875,21457.896484375,21473.9140625,21456.505859375,21454.650390625,21461.701171875,21453.22265625,21454.76953125
443,21415.33203125,21431.533203125,21409.453125,21415.82421875,21418.48828125,21422.466796875,21409.3671875,21416.5546875,21435.771484375,21413.625,21417.759765625,21425.505859375,21420.326171875,21420.36328125
444,21378.3828125,21392.55078125,21371.087890625,21380.10546875,21383.921875,21386.79296875,21371.298828125,21378.236328125,21398.556640625,21374.544921875,21380.6171875,21387.078125,21384.115234375,21384.828125
445,21356.875,21366.783203125,21349.0390625,21358.853515625,21359.390625,21364.46875,21348.501953125,21354.568359375,21374.40234375,21351.533203125,21355.763671875,21360.314453125,21357.18359375,21359.509765625
446,21344.54296875,21351.83984375,21337.078125,21346.009765625,21343.37109375,21351.7734375,21335.619140625,21341.525390625,21360.072265625,21339.70703125,21341.224609375,21344.484375,21340.0546875,21343.15625
447,21323.380859375,21331.7734375,21316.333984375,21324.119140625,21323.5703125,21332.685546875,21314.953125,21322.126953125,21339.58984375,21320.578125,21322.5390625,21325.859375,21320.826171875,21322.74609375
